NO OK;SALES;TOKO;ALAMAT;DAERAH;PROGRAM;VB ONLINE;BIAYA;TANGGAL
;;ELCO 1;;Jakarta;VB ONLINE;vb;Rp900.000;01-Jan-2020
;;ELCO 2;;Jakarta;VB ONLINE;vb;Rp900.000;01-Jan-2020
;;NIAGA GOMBONG PASAR 1;PASAR WONOKRIYO DIREJO, GOMBONG;Gombong;VB ONLINE;NAGATECH MEMBER SOLUTION;Rp300.000;01-Jan-2020
;;NIAGA GOMBONG PASAR 2;PASAR WONOKRIYO DIREJO, GOMBONG;Gombong;VB ONLINE;NAGATECH MEMBER SOLUTION;Rp300.000;01-Jan-2020
;;NIAGA GOMBONG PUSAT;JL. YOS SUDARSO NO. 331, GOMBONG;Gombong;VB ONLINE;NAGATECH MEMBER SOLUTION;Rp300.000;01-Jan-2020
;;AN AN;JL. LAPANG BOLA NO. 57, CILEDUG - CIREBON;Ciledug;VB ONLINE;;Rp900.000;01-Jan-2020
;;AN AN EXTERNAL;;Ciledug;EXTERNAL;;Rp500.000;01-Jan-2020
;;COMPLETE MULIA;;Cirebon;EXTERNAL;;Rp500.000;10-Dec-2020
;;COMPLETE MULIA;;Cirebon;VB ONLINE;;Rp900.000;10-Dec-2020
;;KENCANA PUTERA;;Jombang;ONLINE SHOP VB ONLINE;olshop vb;Rp500.000;21-Apr-2020
;;AMG CATALOGUE;;;CATALOGUE;;Rp2.500.000;28-Nov-2020
;;HIDUP APK;;Tegal;APK;;Rp500.000;24-Dec-2020
;;AMG CLOUD;;Magelang;NAGATECH MANUFACTURE STORE SOLUTION;;Rp2.500.000;28-Mar-2021
;;SAHABAT;;Surabaya;NAGATECH GOLD STORE SOLUTION FULL WEB BASED;;Rp900.000;07-Apr-2021
;;KOTA MAS;;Medan;NAGATECH GOLD STORE SOLUTION FULL WEB BASED;;Rp900.000;29-Jun-2021
;;SATELIT;;Sukoharjo;NAGATECH GOLD STORE SOLUTION FULL WEB BASED;;Rp900.000;08-Jul-2021
;;PUTERA GOLD;;Purwokerto;NAGATECH GOLD STORE SOLUTION FULL WEB BASED;;Rp900.000;14-Jul-2021
;;SUMBAR RIAU;;Depok;NAGATECH GOLD STORE SOLUTION FULL WEB BASED;;Rp900.000;05-Aug-2021
;;LESTARI;;Banjarmasin;NAGATECH GOLD STORE SOLUTION FULL WEB BASED;;Rp900.000;26-Aug-2021
;;KENANGA;;Tasikmalaya;NAGATECH GOLD STORE SOLUTION FULL WEB BASED;;Rp900.000;21-Sep-2021
;;SUMBER URIP;;Tuban;NAGATECH GOLD STORE SOLUTION FULL WEB BASED;;Rp900.000;22-Sep-2021
;;CIPUTAT JAYA;;Tangerang;NAGATECH GOLD STORE SOLUTION FULL WEB BASED;;Rp900.000;22-Oct-2021
;;KRESNO BANJARAN;;Tegal;NAGATECH GOLD STORE SOLUTION FULL WEB BASED;;Rp900.000;25-Oct-2021
;;KRESNO EXT PUSAT;;Tegal;EXTERNAL;;Rp500.000;25-Oct-2021
;;KRESNO EXTERNAL;;Tegal;EXTERNAL;;Rp500.000;25-Oct-2021
;;KRESNO PAGONGAN;;Tegal;NAGATECH GOLD STORE SOLUTION FULL WEB BASED;;Rp900.000;25-Oct-2021
;;KRESNO PREMIUM;;Tegal;NAGATECH GOLD STORE SOLUTION FULL WEB BASED;;Rp900.000;25-Oct-2021
;;KRESNO PUSAT;;Tegal;NAGATECH GOLD STORE SOLUTION FULL WEB BASED;;Rp900.000;25-Oct-2021
;;KRESNO TEGAL;;Tegal;NAGATECH GOLD STORE SOLUTION FULL WEB BASED;;Rp900.000;25-Oct-2021
;;MACAN KUNINGAN;;Kuningan;NAGATECH GOLD STORE SOLUTION FULL WEB BASED;;Rp900.000;03-Nov-2021
;;GALLERY SILVER;;Jogja;NAGATECH GOLD STORE SOLUTION FULL WEB BASED;;Rp900.000;11-Nov-2021
;;SYAM GOLD;;Pekanbaru;NAGATECH GOLD STORE SOLUTION FULL WEB BASED;;Rp900.000;18-Nov-2021
;;AYU GROSIR;;Surabaya;NAGATECH GROCERY STORE SOLUTION;;Rp2.500.000;23-Nov-2021
;;PANTES KTJ;;Kutoarjo;NAGATECH GOLD STORE SOLUTION FULL WEB BASED + NAGATECH MEMBER SOLUTION;;Rp900.000;24-Nov-2021
;;PANTES KTJ EKSTERNAL;;Kutoarjo;EXTERNAL;;Rp500.000;24-Nov-2021
;;GALLERY SILVER;;Jogja;NAGATECH GOLD STORE SOLUTION FULL WEB BASED;;Rp900.000;26-Nov-2021
;;INTI MULIA;;Medan;NAGATECH GOLD STORE SOLUTION FULL WEB BASED;;Rp900.000;07-Dec-2021
;;GALLERY SILVER;;Jogja;NAGATECH GOLD STORE SOLUTION FULL WEB BASED;;Rp900.000;09-Dec-2021
;;POHON KELAPA;;Salatiga;NAGATECH GOLD STORE SOLUTION FULL WEB BASED + NAGATECH MEMBER SOLUTION;;Rp900.000;20-Dec-2021
;;GALLERY SILVER;;Jogja;NAGATECH GOLD STORE SOLUTION FULL WEB BASED;;Rp900.000;22-Dec-2021
;;OMEGA;;Madiun;NAGATECH GOLD STORE SOLUTION FULL WEB BASED + NAGATECH MEMBER SOLUTION;;Rp900.000;03-Jan-2022
;;GALLERY SILVER;;Jogja;NAGATECH GOLD STORE SOLUTION FULL WEB BASED;;Rp900.000;12-Jan-2022
;;INTI MULIA EKSTERNAL;;Medan;EXTERNAL;;Rp500.000;24-Jan-2022
;;KRESNO GOLD A YANI PASAR;;Tegal;NAGATECH GOLD STORE SOLUTION FULL WEB BASED;;Rp900.000;24-Jan-2022
;;AGUNG;;Cikarang;NAGATECH GOLD STORE SOLUTION FULL WEB BASED;;Rp900.000;28-Jan-2022
;;AGUNG PUTRA CKR 1;;Cikarang;NAGATECH GOLD STORE SOLUTION FULL WEB BASED;;Rp900.000;29-Jan-2022
;;SAMBAS PURWOREJO 1;;Purworejo;NAGATECH GOLD STORE SOLUTION FULL WEB BASED + NAGATECH MEMBER SOLUTION;;Rp900.000;29-Jan-2022
;;SAMBAS PURWOREJO 2;;Purworejo;NAGATECH GOLD STORE SOLUTION FULL WEB BASED + NAGATECH MEMBER SOLUTION;;Rp900.000;26-Jan-2022
;;SAMBAS PURWOREJO 3;;Purworejo;NAGATECH GOLD STORE SOLUTION FULL WEB BASED + NAGATECH MEMBER SOLUTION;;Rp900.000;30-Jan-2022
;;SAMBAS PURWOREJO PUSAT;;Purworejo;NAGATECH GOLD STORE HQ SOLUTION;;Rp1.000.000;26-Jan-2022
;;CANTIK 1;;Ciledug;NAGATECH GOLD STORE SOLUTION FULL WEB BASED;;Rp900.000;10-Feb-2022
;;SIBAH;;Cikarang;NAGATECH GOLD STORE SOLUTION FULL WEB BASED;;Rp900.000;10-Feb-2022
;;BENUA JAYA DUTA MAS;;Tangerang;NAGATECH GOLD STORE HQ SOLUTION;;Rp900.000;12-Feb-2022
;;ARJUNA PUTRA JTB 1;;Jatibarang;NAGATECH GOLD STORE SOLUTION FULL WEB BASED;;Rp900.000;20-Feb-2022
;;ONTA;;Jepara;NAGATECH GOLD STORE SOLUTION FULL WEB BASED;;Rp900.000;23-Feb-2022
;;MONICA;;Semarang;NAGATECH GROCERY STORE SOLUTION;;Rp1.000.000;23-Feb-2022
;;SUKA INDAH JKT;;Jakarta;NAGATECH GOLD STORE SOLUTION FULL WEB BASED + NAGATECH MEMBER SOLUTION;;Rp900.000;03-Mar-2022
;;PUTRI BEKASI;;Bekasi;NAGATECH GOLD STORE SOLUTION FULL WEB BASED + NAGATECH MEMBER SOLUTION;;Rp900.000;05-Mar-2022
;;ANNI SEGAMAS;;Purbalingga;NAGATECH GOLD STORE SOLUTION FULL WEB BASED;;Rp900.000;06-Mar-2022
;;RAMA SAKTI CAB PWT;;Purwokerto;NAGATECH GOLD STORE SOLUTION FULL WEB BASED + NAGATECH MEMBER SOLUTION;;Rp900.000;06-Mar-2022
;;ARJUNA PUTRA JTB 2;;Jatibarang;NAGATECH GOLD STORE SOLUTION FULL WEB BASED;;Rp900.000;08-Mar-2022
;;UTAMI 1;;Purbalingga;NAGATECH GOLD STORE SOLUTION FULL WEB BASED + NAGATECH MEMBER SOLUTION;;Rp900.000;10-Mar-2022
;;UTAMI 2;;Purbalingga;NAGATECH GOLD STORE SOLUTION FULL WEB BASED + NAGATECH MEMBER SOLUTION;;Rp900.000;11-Mar-2022
;;UTAMI 3;;Purbalingga;NAGATECH GOLD STORE SOLUTION FULL WEB BASED + NAGATECH MEMBER SOLUTION;;Rp900.000;12-Mar-2022
;;ANNI KARANGKOBAR;;Purbalingga;NAGATECH GOLD STORE SOLUTION FULL WEB BASED;;Rp900.000;15-Mar-2022
;;ANNI KUTASARI;;Purbalingga;NAGATECH GOLD STORE SOLUTION FULL WEB BASED;;Rp900.000;15-Mar-2022
;;ANNI MOGA;;Purbalingga;NAGATECH GOLD STORE SOLUTION FULL WEB BASED;;Rp900.000;17-Mar-2022
;;ANNI KEJOBONG;;Purbalingga;NAGATECH GOLD STORE SOLUTION FULL WEB BASED;;Rp900.000;18-Mar-2022
;;ANNI SINDURAJA;;Purbalingga;NAGATECH GOLD STORE SOLUTION FULL WEB BASED;;Rp900.000;18-Mar-2022
;;INTERNATIONAL JEWELRY;;Jakarta;NAGATECH GOLD STORE SOLUTION FULL WEB BASED + NAGATECH MEMBER + NAGATECH DIAMOND SOLUTION;;Rp1.000.000;24-Mar-2022
;;UTAMI 4;;Purbalingga;NAGATECH GOLD STORE SOLUTION FULL WEB BASED + NAGATECH MEMBER SOLUTION;;Rp900.000;26-Mar-2022
;;NY OERIP MUDA 3;;Tuban;NAGATECH GOLD STORE SOLUTION FULL WEB BASED + NAGATECH MEMBER SOLUTION;;Rp900.000;29-Mar-2022
;;HIDUP LM;;Tegal;TRADING;;Rp900.000;30-Mar-2022
;;NY OERIP MUDA 1;;Tuban;NAGATECH GOLD STORE SOLUTION FULL WEB BASED + NAGATECH MEMBER SOLUTION;;Rp900.000;31-Mar-2022
;;NY OERIP MUDA 2;;Tuban;NAGATECH GOLD STORE SOLUTION FULL WEB BASED + NAGATECH MEMBER SOLUTION;;Rp900.000;31-Mar-2022
;;BAGONG SEJATI;;Cilacap;NAGATECH GOLD STORE SOLUTION FULL WEB BASED;;Rp900.000;02-Apr-2022
;;KINGKONG;;Ciwidey;NAGATECH GOLD STORE SOLUTION FULL WEB BASED + NAGATECH MEMBER SOLUTION;;Rp900.000;16-Apr-2022
;;PELANGI;;Medan;NAGATECH GOLD STORE SOLUTION FULL WEB BASED;;Rp900.000;18-Apr-2022
;;HIDUP AHMAD YANI;;Tegal;NAGATECH GOLD STORE SOLUTION FULL WEB BASED + NAGATECH MEMBER SOLUTION;;Rp900.000;14-May-2022
;;HIDUP SA BERLIAN;;;NAGATECH GOLD STORE SOLUTION FULL WEB BASED + NAGATECH MEMBER + NAGATECH DIAMOND SOLUTION;;Rp1.000.000;11-May-2022
;;SAMBAS EYANG;;Bobotsari;NAGATECH GOLD STORE SOLUTION FULL WEB BASED + NAGATECH MEMBER SOLUTION;;Rp900.000;20-May-2022
;;SAMBAS MULYA;;Bobotsari;NAGATECH GOLD STORE SOLUTION FULL WEB BASED + NAGATECH MEMBER SOLUTION;;Rp900.000;20-May-2022
;;SAMBAS BELIK 1;;Belik;NAGATECH GOLD STORE SOLUTION FULL WEB BASED + NAGATECH MEMBER SOLUTION;;Rp900.000;21-May-2022
;;SAMBAS BELIK 2;;Warungpring;NAGATECH GOLD STORE SOLUTION FULL WEB BASED + NAGATECH MEMBER SOLUTION;;Rp900.000;21-May-2022
;;SAMBAS BUKATEJA;;Bukateja;NAGATECH GOLD STORE SOLUTION FULL WEB BASED + NAGATECH MEMBER SOLUTION;;Rp900.000;21-May-2022
;;SAMBAS KARANGMONCOL;;Karangmoncol;NAGATECH GOLD STORE SOLUTION FULL WEB BASED + NAGATECH MEMBER SOLUTION;;Rp900.000;21-May-2022
;;MURAH HATI;;Cirebon;NAGATECH GOLD STORE SOLUTION FULL WEB BASED;;Rp900.000;28-May-2022
;;SINANJUNG JAYA 1;;Jakarta;NAGATECH GOLD STORE SOLUTION FULL WEB BASED;;Rp900.000;01-Jun-2022
;;RAMA SAKTI CAB AJIBARANG;;Banjarnegara;NAGATECH GOLD STORE SOLUTION FULL WEB BASED + NAGATECH MEMBER SOLUTION;;Rp900.000;07-Jun-2022
;;LCV;;Sandai;NAGATECH GOLD STORE SOLUTION FULL WEB BASED;;Rp900.000;23-Jun-2022
;;DAMAI;;Probolinggo;NAGATECH GROCERY STORE SOLUTION;;Rp2.500.000;23-Jun-2022
;;BENUA JAYA PUSAT;;Tangerang;NAGATECH GOLD STORE SOLUTION FULL WEB BASED + NAGATECH MEMBER SOLUTION;;Rp900.000;25-Jun-2022
;;BARES 2;;Muntilan;NAGATECH GOLD STORE SOLUTION FULL WEB BASED;;Rp900.000;06-Jul-2022
;;GAJAH SAKTI JATINANGOR;;Bandung;NAGATECH GOLD STORE SOLUTION FULL WEB BASED + NAGATECH MEMBER SOLUTION;;Rp900.000;11-Jul-2022
;;MATAHARI TERBIT;;Bandung;NAGATECH GOLD STORE SOLUTION FULL WEB BASED;;Rp900.000;11-Jul-2022
;;PANTES CSB VDC;;Cirebon;NAGATECH GOLD STORE SOLUTION FULL WEB BASED + NAGATECH MEMBER SOLUTION;;Rp900.000;11-Jul-2022
;;RAJAWALI PREMIUM 1;;Brebes;NAGATECH GOLD STORE SOLUTION FULL WEB BASED + NAGATECH MEMBER SOLUTION;;Rp900.000;14-Jul-2022
;;RAJAWALI PREMIUM 2;;Brebes;NAGATECH GOLD STORE SOLUTION FULL WEB BASED + NAGATECH MEMBER SOLUTION;;Rp900.000;14-Jul-2022
;;ITALIA MEDAN;;Medan;TRADING;;Rp1.500.000;17-Jul-2022
;;CANTIK 2;;Ciledug;NAGATECH GOLD STORE SOLUTION LITE WEB BASED;;Rp800.000;28-Jul-2022
;;BARES 1;;Muntilan;NAGATECH GOLD STORE SOLUTION FULL WEB BASED ;;Rp900.000;01-Aug-2022
;;PANTES CSB;;Cirebon;NAGATECH GOLD STORE SOLUTION FULL WEB BASED + NAGATECH MEMBER SOLUTION;;Rp900.000;02-Aug-2022
;;PANTES GCM;;Cirebon;NAGATECH GOLD STORE SOLUTION FULL WEB BASED + NAGATECH MEMBER + NAGATECH DIAMOND SOLUTION;;Rp1.000.000;03-Aug-2022
;;DEWI BANJARAN;;Bandung;NAGATECH GOLD STORE SOLUTION FULL WEB BASED;;Rp900.000;04-Aug-2022
;;DEWI GOLD;;Ponorogo;VB ONLINE;;Rp800.000;04-Aug-2022
;;DEWI GOLD;;Ponorogo;VB ONLINE;;Rp800.000;04-Aug-2022
;;DEWI GOLD;;Ponorogo;VB ONLINE;;Rp800.000;04-Aug-2022
;;ANNI BOJONG;;Purbalingga;NAGATECH GOLD STORE SOLUTION FULL WEB BASED;;Rp900.000;10-Aug-2022
;;MURNI BANYUWANGI;;Banyuwangi;NAGATECH GOLD STORE SOLUTION FULL WEB BASED;;Rp900.000;10-Aug-2022
;;HERMAN JEWELRY;;Jakarta;NAGATECH GOLD STORE SOLUTION FULL WEB BASED + NAGATECH DIAMOND SOLUTION;;Rp900.000;11-Aug-2022
;;KERBAU CAB BATANG;;Weleri;NAGATECH GOLD STORE SOLUTION FULL WEB BASED;;Rp900.000;14-Aug-2022
;;KERBAU CAB BATANG;;Weleri;JEWELRY CARE;;Rp500.000;14-Aug-2022
;;MURNI CIKARANG;;Cikarang;NAGATECH GOLD STORE SOLUTION FULL WEB BASED + NAGATECH MEMBER SOLUTION;;Rp900.000;15-Aug-2022
;;SAKURA;;Bandung;NAGATECH GOLD STORE SOLUTION FULL WEB BASED;;Rp900.000;18-Aug-2022
;;MACAN SIDOARJO - GAJAH MADA;;Sidoarjo;NAGATECH GOLD STORE SOLUTION FULL WEB BASED + NAGATECH MEMBER SOLUTION;;Rp900.000;20-Aug-2022
;;MACAN SIDOARJO - PUSAT;;Sidoarjo;NAGATECH GOLD STORE SOLUTION FULL WEB BASED + NAGATECH MEMBER SOLUTION;;Rp900.000;20-Aug-2022
;;MACAN SIDOARJO - PUSAT;;Sidoarjo;RECEIVING SYSTEM;;Rp500.000;20-Aug-2022
;;MACAN SIDOARJO - PUSAT;;Sidoarjo;JEWELRY CARE;;Rp500.000;20-Aug-2022
;;MACAN SIDOARJO - PUSAT;;Sidoarjo;LEDGER;;Rp500.000;20-Aug-2022
;;MACAN SIDOARJO - PUSAT;;Sidoarjo;NAGATECH GOLD STORE HQ SOLUTION;;Rp225.000;20-Aug-2022
;;GUCI;;Kendal;NAGATECH GOLD STORE SOLUTION FULL WEB BASED;;Rp900.000;22-Aug-2022
;;BARES EXTERNAL;;Muntilan;EXTERNAL;;Rp500.000;23-Aug-2022
;;BARES PUSAT;;Muntilan;NAGATECH GOLD STORE HQ SOLUTION;;Rp500.000;23-Aug-2022
;;BARES PUSAT LEDGER;;Muntilan;LEDGER;;Rp500.000;23-Aug-2022
;;BARES 3;;Muntilan;NAGATECH GOLD STORE SOLUTION FULL WEB BASED + NAGATECH MEMBER SOLUTION;;Rp900.000;25-Aug-2022
;;MACAN SIDOARJO - SUNCITY MALL;;Sidoarjo;NAGATECH GOLD STORE SOLUTION FULL WEB BASED + NAGATECH MEMBER SOLUTION;;Rp900.000;26-Aug-2022
;;MACAN SIDOARJO - ONLINE;;Sidoarjo;NAGATECH GOLD STORE SOLUTION FULL WEB BASED + NAGATECH MEMBER SOLUTION;;Rp900.000;29-Aug-2022
;;MACAN SIDOARJO - PLAZA;;Sidoarjo;NAGATECH GOLD STORE SOLUTION FULL WEB BASED + NAGATECH MEMBER SOLUTION;;Rp900.000;29-Aug-2022
;;SEMAR GOLD 1;;Sidoarjo;NAGATECH GOLD STORE SOLUTION FULL WEB BASED + NAGATECH MEMBER SOLUTION;;Rp900.000;29-Aug-2022
;;PANTES GMC;;Cirebon;NAGATECH GOLD STORE SOLUTION FULL WEB BASED + NAGATECH MEMBER + NAGATECH DIAMOND SOLUTION;;Rp1.100.000;02-Sep-2022
;;PANTES PGC;;Cirebon;NAGATECH GOLD STORE SOLUTION FULL WEB BASED + NAGATECH MEMBER SOLUTION;;Rp900.000;03-Sep-2022
;;HIDUP PATI;;Pati;NAGATECH GOLD STORE SOLUTION FULL WEB BASED;;Rp900.000;05-Sep-2022
;;PANTES KNG 1;;Cirebon;NAGATECH GOLD STORE SOLUTION FULL WEB BASED + NAGATECH MEMBER SOLUTION;;Rp900.000;05-Sep-2022
;;PANTES KNG 2;;Cirebon;NAGATECH GOLD STORE SOLUTION FULL WEB BASED + NAGATECH MEMBER + NAGATECH DIAMOND SOLUTION;;Rp1.100.000;05-Sep-2022
;;PANTES SDL;;Cirebon;NAGATECH GOLD STORE SOLUTION FULL WEB BASED + NAGATECH MEMBER + NAGATECH DIAMOND SOLUTION;;Rp1.000.000;07-Sep-2022
;;PANTES KGR;;Cirebon;NAGATECH GOLD STORE SOLUTION FULL WEB BASED + NAGATECH MEMBER + NAGATECH DIAMOND SOLUTION;;Rp1.100.000;08-Sep-2022
;;PANTES PERUM;;Cirebon;NAGATECH GOLD STORE SOLUTION FULL WEB BASED + NAGATECH MEMBER + NAGATECH DIAMOND SOLUTION;;Rp1.100.000;09-Sep-2022
;;PANTES KTG;;Cirebon;NAGATECH GOLD STORE SOLUTION FULL WEB BASED + NAGATECH MEMBER SOLUTION;;Rp900.000;12-Sep-2022
;;HIDUP SLAWI;;Tegal;NAGATECH GOLD STORE SOLUTION FULL WEB BASED + NAGATECH MEMBER SOLUTION;;Rp900.000;13-Sep-2022
;;PANTES INDRAMAYU;;Cirebon;NAGATECH GOLD STORE SOLUTION FULL WEB BASED + NAGATECH MEMBER SOLUTION;;Rp900.000;13-Sep-2022
;;HIDUP PAGONGAN;;Tegal;NAGATECH GOLD STORE SOLUTION FULL WEB BASED + NAGATECH MEMBER SOLUTION;;Rp900.000;20-Sep-2022
;;SEMBADA GOLD JEND SUDIRMAN;;Purwokerto;NAGATECH GOLD STORE SOLUTION FULL WEB BASED + NAGATECH MEMBER + NAGATECH DIAMOND SOLUTION;;Rp1.000.000;20-Sep-2022
;;BUNGA TANJUNG 1;;Semarang;NAGATECH GOLD STORE SOLUTION FULL WEB BASED + NAGATECH MEMBER SOLUTION;;Rp900.000;21-Sep-2022
;;SEMAR GOLD 2;;Sidoarjo;NAGATECH GOLD STORE SOLUTION FULL WEB BASED + NAGATECH MEMBER SOLUTION;;Rp900.000;21-Sep-2022
;;SEMBADA GOLD PS WAGE;;Purwokerto;NAGATECH GOLD STORE SOLUTION FULL WEB BASED + NAGATECH MEMBER + NAGATECH DIAMOND SOLUTION;;Rp1.000.000;22-Sep-2022
;;BINTANG SURYA MEDAN;;Medan;NAGATECH GROCERY STORE SOLUTION;;Rp1.500.000;26-Sep-2022
;;SEMBADA GOLD RITTA MALL;;Purwokerto;JEWELRY CARE;;Rp400.000;27-Sep-2022
;;SEMBADA GOLD RITTA MALL;;Purwokerto;NAGATECH GOLD STORE SOLUTION FULL WEB BASED + NAGATECH MEMBER + NAGATECH DIAMOND SOLUTION;;Rp1.000.000;27-Sep-2022
;;ARTA ANUGERAH;;Pekalongan;NAGATECH GOLD STORE SOLUTION FULL WEB BASED;;Rp900.000;28-Sep-2022
;;BARES 4;;Muntilan;NAGATECH GOLD STORE SOLUTION FULL WEB BASED + NAGATECH MEMBER SOLUTION;;Rp900.000;01-Oct-2022
;;BENUA JAYA PS ANYAR 1;;Tangerang;NAGATECH GOLD STORE SOLUTION FULL WEB BASED + NAGATECH MEMBER SOLUTION;;Rp900.000;05-Oct-2022
;;BARES RECEIVING SYSTEM;;Muntilan;RECEIVING SYSTEM;;Rp850.000;06-Oct-2022
;;BENUA JAYA PRABU KIANSANTANG;;Tangerang;NAGATECH GOLD STORE SOLUTION FULL WEB BASED + NAGATECH MEMBER SOLUTION;;Rp900.000;06-Oct-2022
;;BENUA JAYA GAJAH TUNGGAL;;Tangerang;NAGATECH GOLD STORE SOLUTION FULL WEB BASED + NAGATECH MEMBER SOLUTION;;Rp900.000;07-Oct-2022
;;BENUA JAYA PS KEMIS;;Tangerang;NAGATECH GOLD STORE SOLUTION FULL WEB BASED + NAGATECH MEMBER SOLUTION;;Rp900.000;07-Oct-2022
;;BENUA JAYA PS ANYAR 2;;Tangerang;NAGATECH GOLD STORE SOLUTION FULL WEB BASED + NAGATECH MEMBER SOLUTION;;Rp900.000;08-Oct-2022
;;BENUA JAYA PS DOYONG;;Tangerang;NAGATECH GOLD STORE SOLUTION FULL WEB BASED + NAGATECH MEMBER SOLUTION;;Rp900.000;09-Oct-2022
;;GAJAH SAKTI CIWIDEY 2;;Ciwidey;NAGATECH GOLD STORE SOLUTION FULL WEB BASED + NAGATECH MEMBER SOLUTION;;Rp900.000;12-Oct-2022
;;DUA NAGA;;Jember;NAGATECH GOLD STORE SOLUTION FULL WEB BASED;;Rp900.000;14-Oct-2022
;;RA GOLD;;Medan;NAGATECH GROCERY STORE SOLUTION;;Rp2.000.000;15-Oct-2022
;;HIDUP KEMANTRAN;;Tegal;NAGATECH GOLD STORE SOLUTION FULL WEB BASED + NAGATECH MEMBER SOLUTION;;Rp900.000;18-Oct-2022
;;GAJAH SAKTI CIWIDEY 1;;Ciwidey;NAGATECH GOLD STORE SOLUTION FULL WEB BASED + NAGATECH MEMBER SOLUTION;;Rp900.000;26-Oct-2022
;;BENUA JAYA TANG CITY;;Tangerang;NAGATECH GOLD STORE SOLUTION FULL WEB BASED + NAGATECH MEMBER SOLUTION;;Rp900.000;01-Nov-2022
;;HIDUP MARKET;;Tegal;NAGATECH GOLD STORE SOLUTION FULL WEB BASED;;Rp900.000;08-Nov-2022
;;SEMAR GOLD 3;;Sidoarjo;NAGATECH GOLD STORE SOLUTION FULL WEB BASED + NAGATECH MEMBER SOLUTION;;Rp900.000;19-Nov-2022
;;SURYA GROBOGAN;;Grobogan;NAGATECH GOLD STORE SOLUTION FULL WEB BASED;;Rp900.000;25-Nov-2022
;;GAJAH KEDUNGWUNI;;Kedungwuni;NAGATECH GOLD STORE SOLUTION FULL WEB BASED;;Rp900.000;30-Nov-2022
;;KOREA ;;KARAWANG;NAGATECH GOLD STORE SOLUTION FULL WEB BASED;;Rp900.000;22-Nov-2022
;;OMEGA MADIUN CAB 2;;Madiun;NAGATECH GOLD STORE SOLUTION FULL WEB BASED + NAGATECH MEMBER SOLUTION;;Rp900.000;30-Nov-2022
;;PANTES JEWELRY CARE;;Cirebon;JEWELRY CARE;;Rp500.000;01-Dec-2022
;;PANTES PUSAT;;Cirebon;NAGATECH GOLD STORE HQ SOLUTION;;Rp800.000;01-Dec-2022
;;BUNGA TANJUNG 2;;Semarang;NAGATECH GOLD STORE SOLUTION FULL WEB BASED + NAGATECH MEMBER SOLUTION;;Rp900.000;02-Dec-2022
;;BARES 5;;Muntilan;NAGATECH GOLD STORE SOLUTION FULL WEB BASED + NAGATECH MEMBER SOLUTION;;Rp900.000;07-Dec-2022
;;KERBAU CAB AMBARAWA;;Weleri;NAGATECH GOLD STORE SOLUTION FULL WEB BASED;;Rp900.000;08-Dec-2022
;;KERBAU CAB AMBARAWA;;Weleri;JEWELRY CARE;;Rp500.000;08-Dec-2022
;;LAKULAH STORE;;Bekasi;NAGATECH GOLD STORE SOLUTION FULL WEB BASED;;Rp900.000;09-Dec-2022
;;UTAMI 5;;Purbalingga;NAGATECH GOLD STORE SOLUTION FULL WEB BASED + NAGATECH MEMBER + NAGATECH DIAMOND SOLUTION;;Rp900.000;22-Dec-2022
;;DEWI NENG;;Ponorogo;NAGATECH GOLD STORE SOLUTION FULL WEB BASED + NAGATECH MEMBER SOLUTION;;Rp900.000;23-Dec-2022
;;PARI JAYA PUTRI;;Brebes;NAGATECH GOLD STORE SOLUTION FULL WEB BASED + NAGATECH MEMBER SOLUTION;;Rp900.000;27-Dec-2022
;;BINTANG JAYA TEMBUNG;;Tembung;NAGATECH GOLD STORE SOLUTION FULL WEB BASED + NAGATECH MEMBER SOLUTION;;Rp900.000;13-Dec-2022
;;BERKAH CIHIDEUNG;;Cihideung;NAGATECH GOLD STORE SOLUTION FULL WEB BASED + NAGATECH MEMBER SOLUTION;;Rp900.000;28-Dec-2022
;;ASELI;;Lombok;NAGATECH GOLD STORE SOLUTION FULL WEB BASED;;Rp900.000;04-Jan-2023
;;HIDUP PEMALANG;;Pemalang;NAGATECH GOLD STORE SOLUTION FULL WEB BASED + NAGATECH MEMBER SOLUTION;;Rp900.000;06-Jan-2023
;;BARES 8;;Muntilan;NAGATECH GOLD STORE SOLUTION FULL WEB BASED + NAGATECH MEMBER SOLUTION;;Rp900.000;10-Jan-2023
;;BARES 9;;Muntilan;NAGATECH GOLD STORE SOLUTION FULL WEB BASED + NAGATECH MEMBER SOLUTION;;Rp900.000;10-Jan-2023
;;NY OERIP;;Tuban;NAGATECH GOLD STORE SOLUTION FULL WEB BASED;;Rp900.000;17-Jan-2023
;;DOLLAR C ALUN-ALUN;;Cicalengka;NAGATECH GOLD STORE SOLUTION FULL WEB BASED;;Rp900.000;17-Jan-2023
;;HIDUP PUSAT BANJARAN 1;;Tegal;NAGATECH GOLD STORE SOLUTION FULL WEB BASED + NAGATECH MEMBER SOLUTION;;Rp900.000;18-Jan-2023
;;KERBAU CAB SODARA;;Weleri;NAGATECH GOLD STORE SOLUTION FULL WEB BASED;;Rp900.000;19-Jan-2023
;;KERBAU CAB SODARA;;Weleri;JEWELRY CARE;;Rp500.000;19-Jan-2023
;;HARMONI;;Tasikmalaya;NAGATECH GOLD STORE SOLUTION FULL WEB BASED;;Rp900.000;20-Jan-2023
;;BARES 7;;Muntilan;NAGATECH GOLD STORE SOLUTION FULL WEB BASED + NAGATECH MEMBER SOLUTION;;Rp900.000;27-Jan-2023
;;ARJUNA TEMANGGUNG 1;;Temanggung;NAGATECH GOLD STORE SOLUTION FULL WEB BASED + NAGATECH MEMBER SOLUTION;;Rp900.000;05-Jan-2023
;;ARJUNA TEMANGGUNG 2;;Temanggung;NAGATECH GOLD STORE SOLUTION FULL WEB BASED + NAGATECH MEMBER SOLUTION;;Rp900.000;05-Jan-2023
;;HIDUP PEMALANG 2;;Pemalang;NAGATECH GOLD STORE SOLUTION FULL WEB BASED + NAGATECH MEMBER SOLUTION;;Rp900.000;27-Jan-2023
;;UTAMI JEWELRY CARE;;Purbalingga;JEWELRY CARE;;Rp400.000;07-Feb-2023
;;UTAMI JEWELRY CARE;;Purbalingga;JEWELRY CARE;;Rp400.000;07-Feb-2023
;;UTAMI JEWELRY CARE;;Purbalingga;JEWELRY CARE;;Rp400.000;07-Feb-2023
;;UTAMI JEWELRY CARE;;Purbalingga;JEWELRY CARE;;Rp400.000;07-Feb-2023
;;UTAMI JEWELRY CARE;;Purbalingga;JEWELRY CARE;;Rp400.000;07-Feb-2023
;;BERKAH PASWET;;Tasikmalaya;NAGATECH GOLD STORE SOLUTION FULL WEB BASED + NAGATECH MEMBER SOLUTION;;Rp900.000;07-Feb-2023
;;BARES 10;;Muntilan;NAGATECH GOLD STORE SOLUTION FULL WEB BASED;;Rp900.000;14-Feb-2023
;;BARES 6;;Muntilan;NAGATECH GOLD STORE SOLUTION FULL WEB BASED;;Rp900.000;14-Feb-2023
;;JANGKAR KRIAN CABANG 1;;Sidoarjo;NAGATECH GOLD STORE SOLUTION FULL WEB BASED;;Rp900.000;14-Feb-2023
;;RAMA SAKTI KROYA;;Kroya;NAGATECH GOLD STORE SOLUTION FULL WEB BASED + NAGATECH MEMBER SOLUTION;;Rp900.000;15-Feb-2023
;;TEBU (KERBAU GROUP);;Weleri;NAGATECH GOLD STORE SOLUTION FULL WEB BASED;;Rp900.000;22-Feb-2023
;;BROTOSENO 1;;Nganjuk;NAGATECH GOLD STORE SOLUTION FULL WEB BASED;;Rp900.000;22-Feb-2023
;;TEBU (KERBAU GROUP);;Weleri;JEWELRY CARE;;Rp500.000;23-Feb-2023
;;JB BERLIAN;;Medan;NAGATECH GOLD STORE SOLUTION FULL WEB BASED + NAGATECH DIAMOND SOLUTION;;Rp900.000;28-Feb-2023
;;OMEGA MADIUN CAB 3;;Madiun;NAGATECH GOLD STORE SOLUTION FULL WEB BASED + NAGATECH MEMBER SOLUTION;;Rp900.000;01-Mar-2023
;;WAHYU REDJO PUSAT;;Surabaya;NAGATECH GOLD STORE SOLUTION FULL WEB BASED;;Rp900.000;01-Mar-2023
;;WAHYU GANESYA G3A G3B;;Surabaya;NAGATECH GOLD STORE SOLUTION FULL WEB BASED;;Rp900.000;01-Mar-2023
;;WAHYU REDJO R22A R22B;;Surabaya;NAGATECH GOLD STORE SOLUTION FULL WEB BASED;;Rp900.000;01-Mar-2023
;;WAHYU TRISNA T15;;Surabaya;NAGATECH GOLD STORE SOLUTION FULL WEB BASED;;Rp900.000;01-Mar-2023
;;WAHYU REDJO R3A R3B;;Surabaya;NAGATECH GOLD STORE SOLUTION FULL WEB BASED;;Rp900.000;01-Mar-2023
;;WAHYU GANESYA G4;;Surabaya;NAGATECH GOLD STORE SOLUTION FULL WEB BASED;;Rp900.000;01-Mar-2023
;;WAHYU REDJO R5;;Surabaya;NAGATECH GOLD STORE SOLUTION FULL WEB BASED;;Rp900.000;01-Mar-2023
;;WAHYU REDJO R35;;Surabaya;NAGATECH GOLD STORE SOLUTION FULL WEB BASED;;Rp900.000;01-Mar-2023
;;WAHYU GANESYA G9;;Surabaya;NAGATECH GOLD STORE SOLUTION FULL WEB BASED;;Rp900.000;01-Mar-2023
;;WAHYU GANESYA G15;;Surabaya;NAGATECH GOLD STORE SOLUTION FULL WEB BASED;;Rp900.000;01-Mar-2023
;;WAHYU REDJO R42;;Surabaya;NAGATECH GOLD STORE SOLUTION FULL WEB BASED;;Rp900.000;01-Mar-2023
;;WAHYU REDJO R43;;Surabaya;NAGATECH GOLD STORE SOLUTION FULL WEB BASED;;Rp900.000;01-Mar-2023
;;WAHYU REDJO R33;;Surabaya;NAGATECH GOLD STORE SOLUTION FULL WEB BASED;;Rp900.000;01-Mar-2023
;;WAHYU REDJO R47;;Surabaya;NAGATECH GOLD STORE SOLUTION FULL WEB BASED;;Rp900.000;01-Mar-2023
;;WAHYU TRISNA T2A T2B;;Surabaya;NAGATECH GOLD STORE SOLUTION FULL WEB BASED;;Rp900.000;01-Mar-2023
;;WAHYU TRISNA T9;;Surabaya;NAGATECH GOLD STORE SOLUTION FULL WEB BASED;;Rp900.000;01-Mar-2023
;;WAHYU TRISNA T13;;Surabaya;NAGATECH GOLD STORE SOLUTION FULL WEB BASED;;Rp900.000;01-Mar-2023
;;WAHYU TRISNA T14;;Surabaya;NAGATECH GOLD STORE SOLUTION FULL WEB BASED;;Rp900.000;01-Mar-2023
;;WAHYU REDJO R38;;Surabaya;NAGATECH GOLD STORE SOLUTION FULL WEB BASED;;Rp900.000;01-Mar-2023
;;WAHYU REDJO R21;;Surabaya;NAGATECH GOLD STORE SOLUTION FULL WEB BASED;;Rp900.000;01-Mar-2023
;;WAHYU GANESYA G2;;Surabaya;NAGATECH GOLD STORE SOLUTION FULL WEB BASED;;Rp900.000;01-Mar-2023
;;WAHYU GANESYA G6;;Surabaya;NAGATECH GOLD STORE SOLUTION FULL WEB BASED;;Rp900.000;01-Mar-2023
;;WAHYU TRISNA T12;;Surabaya;NAGATECH GOLD STORE SOLUTION FULL WEB BASED;;Rp900.000;01-Mar-2023
;;WAHYU GANESYA G11 A-B;;Surabaya;NAGATECH GOLD STORE SOLUTION FULL WEB BASED;;Rp900.000;01-Mar-2023
;;WAHYU GANESYA G1A G1B;;Surabaya;NAGATECH GOLD STORE SOLUTION FULL WEB BASED;;Rp900.000;01-Mar-2023
;;WAHYU GANESYA G14A G14B;;Surabaya;NAGATECH GOLD STORE SOLUTION FULL WEB BASED;;Rp900.000;01-Mar-2023
;;WAHYU GANESYA G8A G8B;;Surabaya;NAGATECH GOLD STORE SOLUTION FULL WEB BASED;;Rp900.000;01-Mar-2023
;;WAHYU GANESYA G5;;Surabaya;NAGATECH GOLD STORE SOLUTION FULL WEB BASED;;Rp900.000;01-Mar-2023
;;WAHYU TRISNA T8;;Surabaya;NAGATECH GOLD STORE SOLUTION FULL WEB BASED;;Rp900.000;01-Mar-2023
;;WAHYU TRISNA T6;;Surabaya;NAGATECH GOLD STORE SOLUTION FULL WEB BASED;;Rp900.000;01-Mar-2023
;;WAHYU REDJO R7;;Surabaya;NAGATECH GOLD STORE SOLUTION FULL WEB BASED;;Rp900.000;01-Mar-2023
;;WAHYU REDJO R2;;Surabaya;NAGATECH GOLD STORE SOLUTION FULL WEB BASED;;Rp900.000;01-Mar-2023
;;WAHYU TRISNA T5;;Surabaya;NAGATECH GOLD STORE SOLUTION FULL WEB BASED;;Rp900.000;01-Mar-2023
;;WAHYU REDJO R1;;Surabaya;NAGATECH GOLD STORE SOLUTION FULL WEB BASED;;Rp900.000;01-Mar-2023
;;WAHYU TRISNA T3;;Surabaya;NAGATECH GOLD STORE SOLUTION FULL WEB BASED;;Rp900.000;01-Mar-2023
;;WAHYU TRISNA T1;;Surabaya;NAGATECH GOLD STORE SOLUTION FULL WEB BASED;;Rp900.000;01-Mar-2023
;;WAHYU TRISNA T4;;Surabaya;NAGATECH GOLD STORE SOLUTION FULL WEB BASED;;Rp900.000;01-Mar-2023
;;WAHYU REDJO R12;;Surabaya;NAGATECH GOLD STORE SOLUTION FULL WEB BASED;;Rp900.000;01-Mar-2023
;;WAHYU REDJO R25;;Surabaya;NAGATECH GOLD STORE SOLUTION FULL WEB BASED;;Rp900.000;01-Mar-2023
;;WAHYU REDJO R8;;Surabaya;NAGATECH GOLD STORE SOLUTION FULL WEB BASED;;Rp900.000;01-Mar-2023
;;WAHYU NURGALUH N2;;Surabaya;NAGATECH GOLD STORE SOLUTION FULL WEB BASED;;Rp900.000;01-Mar-2023
;;WAHYU REDJO R11;;Surabaya;NAGATECH GOLD STORE SOLUTION FULL WEB BASED;;Rp900.000;01-Mar-2023
;;WAHYU GANESYA G12;;Surabaya;NAGATECH GOLD STORE SOLUTION FULL WEB BASED;;Rp900.000;01-Mar-2023
;;WAHYU REDJO R19;;Surabaya;NAGATECH GOLD STORE SOLUTION FULL WEB BASED;;Rp900.000;01-Mar-2023
;;WAHYU REDJO R16;;Surabaya;NAGATECH GOLD STORE SOLUTION FULL WEB BASED;;Rp900.000;01-Mar-2023
;;WAHYU REDJO R17;;Surabaya;NAGATECH GOLD STORE SOLUTION FULL WEB BASED;;Rp900.000;01-Mar-2023
;;WAHYU REDJO R45;;Surabaya;NAGATECH GOLD STORE SOLUTION FULL WEB BASED;;Rp900.000;01-Mar-2023
;;WAHYU REDJO R24;;Surabaya;NAGATECH GOLD STORE SOLUTION FULL WEB BASED;;Rp900.000;01-Mar-2023
;;WAHYU TRISNA T7;;Surabaya;NAGATECH GOLD STORE SOLUTION FULL WEB BASED;;Rp900.000;01-Mar-2023
;;WAHYU REDJO R9;;Surabaya;NAGATECH GOLD STORE SOLUTION FULL WEB BASED;;Rp900.000;01-Mar-2023
;;WAHYU REDJO R26;;Surabaya;NAGATECH GOLD STORE SOLUTION FULL WEB BASED;;Rp900.000;01-Mar-2023
;;WAHYU GANESYA G7;;Surabaya;NAGATECH GOLD STORE SOLUTION FULL WEB BASED;;Rp900.000;01-Mar-2023
;;WAHYU TRISNA T10;;Surabaya;NAGATECH GOLD STORE SOLUTION FULL WEB BASED;;Rp900.000;01-Mar-2023
;;WAHYU REDJO R20;;Surabaya;NAGATECH GOLD STORE SOLUTION FULL WEB BASED;;Rp900.000;01-Mar-2023
;;WAHYU GANESYA G13;;Surabaya;NAGATECH GOLD STORE SOLUTION FULL WEB BASED;;Rp900.000;01-Mar-2023
;;WAHYU TRISNA T11;;Surabaya;NAGATECH GOLD STORE SOLUTION FULL WEB BASED;;Rp900.000;01-Mar-2023
;;WAHYU REDJO R31;;Surabaya;NAGATECH GOLD STORE SOLUTION FULL WEB BASED;;Rp900.000;01-Mar-2023
;;WAHYU REDJO R34;;Surabaya;NAGATECH GOLD STORE SOLUTION FULL WEB BASED;;Rp900.000;01-Mar-2023
;;WAHYU REDJO R48;;Surabaya;NAGATECH GOLD STORE SOLUTION FULL WEB BASED;;Rp900.000;01-Mar-2023
;;WAHYU REDJO R37;;Surabaya;NAGATECH GOLD STORE SOLUTION FULL WEB BASED;;Rp900.000;01-Mar-2023
;;WAHYU REDJO R14;;Surabaya;NAGATECH GOLD STORE SOLUTION FULL WEB BASED;;Rp900.000;01-Mar-2023
;;WAHYU REDJO R23A R23B;;Surabaya;NAGATECH GOLD STORE SOLUTION FULL WEB BASED;;Rp900.000;01-Mar-2023
;;WAHYU REDJO R28A R28B;;Surabaya;NAGATECH GOLD STORE SOLUTION FULL WEB BASED;;Rp900.000;01-Mar-2023
;;WAHYU REDJO R29A R29B;;Surabaya;NAGATECH GOLD STORE SOLUTION FULL WEB BASED;;Rp900.000;01-Mar-2023
;;WAHYU REDJO R41;;Surabaya;NAGATECH GOLD STORE SOLUTION FULL WEB BASED;;Rp900.000;01-Mar-2023
;;WAHYU REDJO R30A R30B;;Surabaya;NAGATECH GOLD STORE SOLUTION FULL WEB BASED;;Rp900.000;01-Mar-2023
;;WAHYU REDJO R39;;Surabaya;NAGATECH GOLD STORE SOLUTION FULL WEB BASED;;Rp900.000;01-Mar-2023
;;WAHYU REDJO R40;;Surabaya;NAGATECH GOLD STORE SOLUTION FULL WEB BASED;;Rp900.000;01-Mar-2023
;;WAHYU REDJO R46;;Surabaya;NAGATECH GOLD STORE SOLUTION FULL WEB BASED;;Rp900.000;01-Mar-2023
;;WAHYU REDJO R49;;Surabaya;NAGATECH GOLD STORE SOLUTION FULL WEB BASED;;Rp900.000;01-Mar-2023
;;WAHYU REDJO R6A R6B;;Surabaya;NAGATECH GOLD STORE SOLUTION FULL WEB BASED ;;Rp900.000;01-Mar-2023
;;WAHYU REDJO R10;;Surabaya;NAGATECH GOLD STORE SOLUTION FULL WEB BASED ;;Rp900.000;01-Mar-2023
;;WAHYU REDJO R13;;Surabaya;NAGATECH GOLD STORE SOLUTION FULL WEB BASED ;;Rp900.000;01-Mar-2023
;;WAHYU REDJO R15;;Surabaya;NAGATECH GOLD STORE SOLUTION FULL WEB BASED ;;Rp900.000;01-Mar-2023
;;WAHYU REDJO R18A R18B;;Surabaya;NAGATECH GOLD STORE SOLUTION FULL WEB BASED ;;Rp900.000;01-Mar-2023
;;WAHYU REDJO R27A R27B;;Surabaya;NAGATECH GOLD STORE SOLUTION FULL WEB BASED ;;Rp900.000;01-Mar-2023
;;WAHYU REDJO R32;;Surabaya;NAGATECH GOLD STORE SOLUTION FULL WEB BASED ;;Rp900.000;01-Mar-2023
;;WAHYU REDJO R36;;Surabaya;NAGATECH GOLD STORE SOLUTION FULL WEB BASED ;;Rp900.000;01-Mar-2023
;;WAHYU REDJO R44;;Surabaya;NAGATECH GOLD STORE SOLUTION FULL WEB BASED ;;Rp900.000;01-Mar-2023
;;WAHYU REDJO R50;;Surabaya;NAGATECH GOLD STORE SOLUTION FULL WEB BASED ;;Rp900.000;13-Mar-2023
;;WAHYU GANESYA G10;;Surabaya;NAGATECH GOLD STORE SOLUTION FULL WEB BASED ;;Rp900.000;01-Mar-2023
;;WAHYU NURGALUH N1;;Surabaya;NAGATECH GOLD STORE SOLUTION FULL WEB BASED ;;Rp900.000;02-Mar-2023
;;SUKA INDAH TGR;;Tangerang;NAGATECH GOLD STORE SOLUTION FULL WEB BASED + NAGATECH MEMBER SOLUTION;;Rp900.000;14-Mar-2023
;;JANGKAR KRIAN CABANG 2;;Sidoarjo;NAGATECH GOLD STORE SOLUTION FULL WEB BASED;;Rp900.000;15-Mar-2023
;;REDJO MULYO;;Purbalingga;NAGATECH GOLD STORE SOLUTION FULL WEB BASED;;Rp900.000;16-Mar-2023
;;BINTANG 9 PUSAT;;;NAGATECH GOLD STORE HQ SOLUTION;;Rp900.000;20-Mar-2023
;;BINTANG 9 WONOSARI;;;NAGATECH GOLD STORE SOLUTION FULL WEB BASED;;Rp900.000;20-Mar-2023
;;PANTES KARANGGETAS;;Cirebon;NAGATECH GOLD STORE SOLUTION FULL WEB BASED + NAGATECH MEMBER + NAGATECH DIAMOND SOLUTION;;Rp1.000.000;30-Mar-2023
;;BENUA JAYA CAB PAMERAN;;;NAGATECH GOLD STORE SOLUTION FULL WEB BASED + NAGATECH MEMBER SOLUTION;;Rp900.000;29-Mar-2023
;;SAMBAS BELIK 3;;Pemalang;NAGATECH GOLD STORE SOLUTION FULL WEB BASED + NAGATECH MEMBER SOLUTION;;Rp900.000;31-Mar-2023
;;VICTORIA VICI;;Sumatera Utara;NAGATECH GOLD STORE SOLUTION FULL WEB BASED + NAGATECH MEMBER + NAGATECH DIAMOND SOLUTION;;Rp1.000.000;05-Apr-2023
;;DEWI TASIK;;Tasikmalaya;NAGATECH GOLD STORE SOLUTION FULL WEB BASED;;Rp900.000;03-May-2023
;;PADASUKA;;Balaraja;NAGATECH GOLD STORE SOLUTION FULL WEB BASED;;Rp900.000;08-May-2023
;;GAJAH MURAH REZEKI;;Jember;NAGATECH GOLD STORE SOLUTION FULL WEB BASED;;Rp900.000;04-May-2023
;;BENUA JAYA PAMANUKAN;;Pamanukan;NAGATECH GOLD STORE SOLUTION FULL WEB BASED;;Rp900.000;09-May-2023
;;SUBUR 1;;Nganjuk;NAGATECH GOLD STORE SOLUTION FULL WEB BASED;;Rp900.000;15-May-2023
;;MEKAR;;Cikarang;NAGATECH GOLD STORE SOLUTION FULL WEB BASED + NAGATECH MEMBER SOLUTION;;Rp900.000;08-May-2023
;;JAKARTA;;Pamanukan;NAGATECH GOLD STORE SOLUTION FULL WEB BASED;;Rp900.000;16-May-2023
;;PESONA RAYA;;Kendal;NAGATECH GOLD STORE SOLUTION FULL WEB BASED;;Rp900.000;24-May-2023
;;PESONA RAYA JEWELRY CARE;;Kendal;JEWELRY CARE;;Rp500.000;24-May-2023
;;ARJUNA PUTRA EXTERNAL;;Jatibarang;EXTERNAL;;Rp500.000;12-May-2023
;;FANCY JEWELLERY;;;NAGATECH GOLD STORE SOLUTION FULL WEB BASED + NAGATECH DIAMOND SOLUTION;;Rp900.000;08-Jun-2023
;;KENDI REMBANG;;Pamotan;NAGATECH GOLD STORE SOLUTION FULL WEB BASED;;Rp900.000;13-Jun-2023
;;PUTERA PWT;;;NAGATECH GOLD STORE SOLUTION FULL WEB BASED + NAGATECH MEMBER SOLUTION;;Rp900.000;09-Jun-2023
;;BAGONG MUNTILAN CJM;;;NAGATECH GOLD STORE SOLUTION FULL WEB BASED;;Rp900.000;07-Jun-2023
;;PANTES CSB VDC DIAMOND;;;DIAMOND;;Rp200.000;16-Jun-2023
;;BAGONG MUNTILAN PEMUDA PUSAT;;;NAGATECH GOLD STORE HQ SOLUTION;;Rp900.000;07-Jun-2023
;;KITA PAMANUKAN;;;NAGATECH GOLD STORE SOLUTION FULL WEB BASED;;Rp900.000;06-Jun-2023
;;ASELI LOMBOK EXTERNAL;;;EXTERNAL;;Rp500.000;14-Jun-2023
;;SAMI AJI 1;;;VB ONLINE;;Rp500.000;06-Jun-2023
;;SAMI AJI 2;;;VB ONLINE;;Rp500.000;06-Jun-2023
;;KERBAU SUKOREJO;;;NAGATECH GOLD STORE SOLUTION FULL WEB BASED;;Rp900.000;16-Jun-2023
;;KERBAU SUKOREJO JEWELRY CARE;;;JEWELRY CARE;;Rp500.000;16-Jun-2023
;;KRESNO WHATSAPP OTP;;;WHATSAPP OTP;;Rp300.000;15-Jun-2023
;;TRINUSA (AYU CAB 2);;;NAGATECH GOLD STORE SOLUTION FULL WEB BASED;;Rp900.000;07-Jul-2023
;;BINTANG 9  KOTAGEDE;;;NAGATECH GOLD STORE SOLUTION FULL WEB BASED + NAGATECH MEMBER SOLUTION;;Rp900.000;19-Jul-2023
;;KERBAU SUBAH;;;NAGATECH GOLD STORE SOLUTION FULL WEB BASED + NAGATECH MEMBER SOLUTION;;Rp900.000;14-Jul-2023
;;KERBAU SUBAH JEWELRY CARE;;;JEWELRY CARE;;Rp500.000;14-Jul-2023
;;NOOR FINE JEWELLERY;;;NAGATECH GOLD STORE SOLUTION FULL WEB BASED + NAGATECH MEMBER SOLUTION;;Rp900.000;03-Jul-2023
;;SINANJUNG JAYA 2;;;NAGATECH GOLD STORE SOLUTION FULL WEB BASED + NAGATECH MEMBER SOLUTION;;Rp900.000;04-Jul-2023
;;OMEGA CAB 4;;MADIUN;NAGATECH GOLD STORE SOLUTION FULL WEB BASED + NAGATECH MEMBER SOLUTION;;Rp900.000;01-Jul-2023
;;SEMAR GOLD 1 EXTERNAL;;;EXTERNAL;;Rp500.000;12-Jul-2023
;;SEMAR GOLD 3 EXTERNAL;;;EXTERNAL;;Rp500.000;13-Jul-2023
;;SUBUR 1 PUSAT;;;NAGATECH GOLD STORE HQ SOLUTION;;Rp1.000.000;16-Jul-2023
;;WAHYU REDJO R51;;;NAGATECH GOLD STORE SOLUTION FULL WEB BASED;;Rp900.000;17-Jul-2023
;;BERKAH DIAMOND;;;DIAMOND;;Rp900.000;01-Aug-2023
;;SENI JAYA;;KENDARI;NAGATECH GOLD STORE SOLUTION FULL WEB BASED;;Rp900.000;09-Aug-2023
;;GOLDEN SGC;;;NAGATECH GOLD STORE SOLUTION FULL WEB BASED + NAGATECH MEMBER SOLUTION;;Rp900.000;01-Aug-2023
;;BENUA JAYA ALAM SUTERA;;  ;NAGATECH GOLD STORE SOLUTION FULL WEB BASED + NAGATECH MEMBER SOLUTION;;Rp900.000;10-Aug-2023
;;SURABAYA;;TASIKMALAYA;NAGATECH GOLD STORE SOLUTION FULL WEB BASED;;Rp900.000;03-Aug-2023
;;NY OERIP MUDA CAB 2;;;NAGATECH GOLD STORE SOLUTION FULL WEB BASED;;Rp900.000;15-Aug-2023
;;PELANGI CIREBON;;;NAGATECH GOLD STORE SOLUTION LITE WEB BASED + NAGATECH MEMBER SOLUTION;;Rp800.000;08-Aug-2023
;;SAHABAT GOLD;;KUPANG;VB ONLINE;;Rp900.000;20-Aug-2023
;;ELCO 3;;;VB ONLINE;;Rp1.000.000;22-Aug-2023
;;GAJAH CIKARANG;;;NAGATECH GOLD STORE SOLUTION LITE WEB BASED;;Rp800.000;31-Aug-2023
;;WAHYU REDJO GROUP (40) 500RIBU;;;EXTERNAL;;Rp20.000.000;31-Aug-2023
;;GAJAH CIKARANG;;;EXTERNAL;;Rp500.000;31-Aug-2023
;;GOLDEN CAB 2 JABABEKA;;;NAGATECH GOLD STORE SOLUTION FULL WEB BASED + NAGATECH MEMBER SOLUTION;;Rp900.000;06-Sep-2023
;;ANEKA PATI;;;NAGATECH GOLD STORE SOLUTION LITE WEB BASED;;Rp800.000;05-Sep-2023
;;KERBAU PEGADON JEWELRY CARE;;;JEWELRY CARE;;Rp500.000;01-Sep-2023
;;KERBAU PEGADON;;;NAGATECH GOLD STORE SOLUTION FULL WEB BASED;;Rp900.000;01-Sep-2023
;;ITALY BANDUNG;;;NAGATECH GOLD STORE SOLUTION FULL WEB BASED + NAGATECH MEMBER SOLUTION;;Rp900.000;04-Sep-2023
;;SINAR JAYA;;;NAGATECH GOLD STORE SOLUTION FULL WEB BASED;;Rp900.000;11-Sep-2023
;;MACAN CIMAHI CAB 1;;;NAGATECH GOLD STORE SOLUTION FULL WEB BASED;;Rp900.000;12-Sep-2023
;;CANTIK BATAM;;;NAGATECH GOLD STORE SOLUTION FULL WEB BASED + NAGATECH MEMBER SOLUTION;;Rp900.000;12-Sep-2023
;;SAMBAS WANADADI;;;NAGATECH GOLD STORE SOLUTION FULL WEB BASED;;Rp900.000;15-Sep-2023
;;KERBAU PUSAT JEWELRY CARE;;;JEWELRY CARE;;Rp500.000;20-Sep-2023
;;KERBAU PUSAT;;;NAGATECH GOLD STORE SOLUTION FULL WEB BASED + NAGATECH MEMBER SOLUTION;;Rp900.000;20-Sep-2023
;;KRESNO JEPARA;;;NAGATECH GOLD STORE SOLUTION FULL WEB BASED;;Rp900.000;20-Sep-2023
;;MACAN CIMAHI PUSAT;;;NAGATECH GOLD STORE HQ SOLUTION;;Rp900.000;21-Sep-2023
;;KRESNO BERLIAN;;;DIAMOND;;Rp1.000.000;19-Sep-2023
;;HIDUP SA ONLINE;;;NAGATECH GOLD STORE SOLUTION FULL WEB BASED + NAGATECH MEMBER SOLUTION;;Rp900.000;05-Sep-2023
;;SINANJUNG JAYA GRACE;;;NAGATECH GOLD STORE SOLUTION FULL WEB BASED;;Rp900.000;04-Oct-2023
;;MACAN CIMAHI CAB 2;;;NAGATECH GOLD STORE SOLUTION FULL WEB BASED;;Rp900.000;06-Oct-2023
;;BAGONG (SEMAR KRIAN GROUP);;;NAGATECH GOLD STORE SOLUTION FULL WEB BASED;;Rp900.000;10-Oct-2023
;;GAJAH KAJEN;;;NAGATECH GOLD STORE SOLUTION FULL WEB BASED;;Rp900.000;11-Oct-2023
;;BAGONG MUNTILAN EXTERNAL;;;EXTERNAL;;Rp500.000;13-Oct-2023
;;BAGONG MUNTILAN;;;NAGATECH GOLD STORE SOLUTION FULL WEB BASED;;Rp900.000;13-Oct-2023
;;SAHABAT KUPANG RFID;;;NAGATECH GOLD STOCK CHECKING SOLUTION (RFID);;Rp400.000;08-Oct-2023
;;MACAN CIMAHI CAB 3;;;NAGATECH GOLD STORE SOLUTION FULL WEB BASED;;Rp900.000;10-Oct-2023
;;NORI;;;NAGATECH GOLD STORE SOLUTION FULL WEB BASED;;Rp900.000;17-Oct-2023
;;MACAN CIMAHI CAB 4;;;NAGATECH GOLD STORE SOLUTION FULL WEB BASED;;Rp900.000;18-Oct-2023
;;MACAN CIMAHI CAB 5;;;NAGATECH GOLD STORE SOLUTION FULL WEB BASED;;Rp900.000;25-Oct-2023
;;MAWAR MURNI PUTERA KEBUMEN;;;NAGATECH GOLD STORE SOLUTION FULL WEB BASED;;Rp900.000;31-Oct-2023
;;NEW LILY;;;NAGATECH GOLD STORE SOLUTION FULL WEB BASED;;Rp900.000;15-Oct-2023
;;JAYA ABADI 1;;;NAGATECH GOLD STORE SOLUTION FULL WEB BASED + NAGATECH MEMBER SOLUTION;;Rp900.000;15-Oct-2023
;;PALACIO;;;NAGATECH GOLD STORE SOLUTION FULL WEB BASED + NAGATECH DIAMOND SOLUTION;;Rp900.000;08-Nov-2023
;;MACAN CIMAHI JEWELRY CARE;;;JEWELRY CARE;;Rp500.000;13-Nov-2023
;;LARIS JEWELLERY;;;NAGATECH GOLD STORE SOLUTION FULL WEB BASED + NAGATECH MEMBER + NAGATECH DIAMOND SOLUTION;;Rp1.000.000;02-Nov-2023
;;GAJAH SAKTI PURWOKERTO;;;NAGATECH GOLD STORE SOLUTION FULL WEB BASED + NAGATECH MEMBER SOLUTION;;Rp900.000;22-Nov-2023
;;KERBAU BAWANG;;;NAGATECH GOLD STORE SOLUTION FULL WEB BASED;;Rp900.000;27-Nov-2023
;;KERBAU BAWANG JEWELRY CARE;;;JEWELRY CARE;;Rp500.000;27-Nov-2023
;;DELIMA PAMANUKAN;;;NAGATECH GOLD STORE SOLUTION FULL WEB BASED;;Rp900.000;27-Nov-2023
;;PANTES KADIPATEN;;;NAGATECH GOLD STORE SOLUTION FULL WEB BASED + NAGATECH MEMBER + NAGATECH DIAMOND SOLUTION;;Rp1.000.000;02-Dec-2023
;;33A;;;NAGATECH GOLD STORE SOLUTION LITE WEB BASED;;Rp800.000;12-Dec-2023
;;BULAN PURNAMA (AUVA GOLD);;;NAGATECH MANUFACTURE STORE SOLUTION;;Rp2.500.000;12-Dec-2023
;;DJANOKO;;;NAGATECH GOLD STORE SOLUTION FULL WEB BASED;;Rp900.000;19-Dec-2023
;;IKAN MAS;;;NAGATECH GOLD STORE SOLUTION FULL WEB BASED;;Rp900.000;21-Dec-2023
;;WAHYU REJO R55;;;NAGATECH GOLD STORE SOLUTION FULL WEB BASED;;Rp900.000;28-Dec-2023
;;SEMAR CIMAHI 6;;;NAGATECH GOLD STORE SOLUTION FULL WEB BASED;;Rp900.000;06-Dec-2023
;;SEMAR CIMAHI 7;;;NAGATECH GOLD STORE SOLUTION FULL WEB BASED;;Rp900.000;22-Dec-2023
;;DIAMOND;;;NAGATECH GOLD STORE SOLUTION FULL WEB BASED;;Rp900.000;05-Jan-2024
;;MACAN KUNINGAN 2;;;NAGATECH GOLD STORE SOLUTION FULL WEB BASED;;Rp900.000;05-Jan-2024
;;PUNOKAWAN;;;NAGATECH GOLD STORE SOLUTION FULL WEB BASED;;Rp900.000;17-Jan-2024
;;SEMAR CIMAHI 8 CAB PADALARANG;;;NAGATECH GOLD STORE SOLUTION FULL WEB BASED;;Rp900.000;19-Jan-2024
;;ARJUNA TEMANGGUNG 1;;;NAGATECH GOLD STORE SOLUTION FULL WEB BASED + NAGATECH MEMBER SOLUTION;;Rp900.000;18-Jan-2024
;;ALANA (CANTIK NEW GROUP);;;NAGATECH GOLD STORE SOLUTION FULL WEB BASED + NAGATECH MEMBER SOLUTION;;Rp900.000;25-Jan-2024
;;BROTOSENO 2;;BAGOR;NAGATECH GOLD STORE SOLUTION FULL WEB BASED + NAGATECH MEMBER SOLUTION;;Rp900.000;26-Jan-2024
;;BIDURI PUTRA;;;NAGATECH GOLD STORE SOLUTION FULL WEB BASED;;Rp900.000;08-Jan-2024
;;PERMATA JAYA;;;NAGATECH GOLD STORE SOLUTION FULL WEB BASED;;Rp900.000;30-Jan-2024
;;SRIWIJAYA (LA PARIS);;;NAGATECH GOLD STORE SOLUTION FULL WEB BASED;;Rp900.000;30-Jan-2024
;;SRIWIJAYA (LA PARIS);;;EXTERNAL;;Rp500.000;30-Jan-2024
;;BINTANG INDAH;;;NAGATECH GOLD STORE SOLUTION FULL WEB BASED;;Rp900.000;28-Feb-2024
;;GAJAH SAKTI CAB DUKUH REJASARI ;;;NAGATECH GOLD STORE SOLUTION FULL WEB BASED + NAGATECH MEMBER SOLUTION;;Rp900.000;20-Feb-2024
;;LILY GEBONG SARI;;;NAGATECH GOLD STORE SOLUTION FULL WEB BASED;;Rp900.000;29-Feb-2024
;;SEMAR CIMAHI 9;;;NAGATECH GOLD STORE SOLUTION FULL WEB BASED;;Rp900.000;01-Feb-2024
;;SEMAR CIMAHI 10;;;NAGATECH GOLD STORE SOLUTION FULL WEB BASED;;Rp900.000;24-Feb-2024
;;SEMAR CIMAHI 11;;;NAGATECH GOLD STORE SOLUTION FULL WEB BASED;;Rp900.000;29-Feb-2024
;;SURABAYA BARITO;;;NAGATECH GOLD STORE SOLUTION FULL WEB BASED;;Rp900.000;20-Feb-2024
;;WAHYU REDJO RS;;;NAGATECH GOLD STORE SOLUTION FULL WEB BASED;;Rp900.000;05-Feb-2024
;;WAHYU REDJO R56;;;NAGATECH GOLD STORE SOLUTION FULL WEB BASED;;Rp900.000;21-Feb-2024
;;WAHYU REDJO R57;;;NAGATECH GOLD STORE SOLUTION FULL WEB BASED;;Rp900.000;26-Feb-2024
;;ISMY/PUNOKAWAN INDONESIA;;YOGYAKARTA;NAGATECH GOLD STORE HQ SOLUTION;;Rp900.000;12-Feb-2024
;;ISMY/PUNOKAWAN INDONESIA;;YOGYAKARTA;NAGATECH GOLD STORE SOLUTION FULL WEB BASED + NAGATECH MEMBER SOLUTION;;Rp900.000;12-Feb-2024
;;WAHYU REDJO PAMERAN (RYL);;SURABAYA;NAGATECH GOLD STORE SOLUTION FULL WEB BASED;;Rp900.000;05-Feb-2024
;;UTAMI CAB SAMPANG ;;PURBALINGGA;NAGATECH GOLD STORE SOLUTION FULL WEB BASED + NAGATECH MEMBER + NAGATECH DIAMOND SOLUTION;;Rp900.000;23-Feb-2024
;;UTAMI CAB SAMPANG JEWELRY CARE;;PURBALINGGA;JEWELRY CARE;;Rp500.000;23-Feb-2024
;;PANTES JATIWANGI;;JATIWANGI;NAGATECH GOLD STORE SOLUTION FULL WEB BASED + NAGATECH MEMBER + NAGATECH DIAMOND SOLUTION;;Rp1.100.000;01-Mar-2024
;;BULAN PURNAMA 1;;MALANG;NAGATECH GOLD STORE SOLUTION FULL WEB BASED;;Rp900.000;05-Mar-2024
;;BULAN PURNAMA 1 RFID;;MALANG;NAGATECH GOLD STOCK CHECKING SOLUTION (RFID);;Rp500.000;05-Mar-2024
;;BULAN PURNAMA 2;;MALANG;NAGATECH GOLD STORE SOLUTION FULL WEB BASED;;Rp900.000;05-Mar-2024
;;BULAN PURNAMA 2 RFID;;MALANG;NAGATECH GOLD STOCK CHECKING SOLUTION (RFID);;Rp500.000;05-Mar-2024
;;GARUDA ;;KUTOARJO;NAGATECH GOLD STORE SOLUTION FULL WEB BASED;;Rp900.000;13-Mar-2024
;;ISMY (BAGONG INDONESIA);;WONOSARI;NAGATECH GOLD STORE SOLUTION FULL WEB BASED + NAGATECH MEMBER SOLUTION;;Rp900.000;19-Mar-2024
;;ISMY (PUNOKAWAN, TEPUS);;YOGYAKARTA;NAGATECH GOLD STORE SOLUTION FULL WEB BASED + NAGATECH MEMBER SOLUTION;;Rp900.000;21-Mar-2024
;;CAHAHAYA MEKAR (MEKAR CIKARANG);;CIKARANG;NAGATECH GOLD STORE SOLUTION FULL WEB BASED + NAGATECH MEMBER SOLUTION;;Rp900.000;12-Mar-2024
;;SAMBAS CAB SURONEGARAN;;PURWOREJO;NAGATECH GOLD STORE SOLUTION FULL WEB BASED + NAGATECH MEMBER SOLUTION;;Rp900.000;25-Mar-2024
;;SEMBADA GOLD PASAR WAGE 2;;PURRWOREJO;NAGATECH GOLD STORE SOLUTION FULL WEB BASED + NAGATECH MEMBER + NAGATECH DIAMOND SOLUTION;;Rp1.000.000;21-Mar-2024
;;SUN SHING 1;;JEMBER;NAGATECH GOLD STORE SOLUTION FULL WEB BASED;;Rp900.000;07-Mar-2024
;;SUN SHING 2;;JEMBER;NAGATECH GOLD STORE SOLUTION FULL WEB BASED;;Rp900.000;21-Mar-2024
;;SENTRAL BARU;;BANJARMASIN;NAGATECH GOLD STORE SOLUTION FULL WEB BASED;;Rp900.000;11-Mar-2024
;;MERAK GOLD;;CIREBON;NAGATECH GOLD STORE SOLUTION FULL WEB BASED + NAGATECH MEMBER SOLUTION;;Rp900.000;19-Mar-2024
;;WAHYU REDJO R58;;SURABAYA;NAGATECH GOLD STORE SOLUTION FULL WEB BASED;;Rp900.000;07-Mar-2024
;;BERLIAN RANTAUPRAPAT;;SUMATERA UTARA;NAGATECH GOLD STORE SOLUTION FULL WEB BASED;;Rp900.000;25-Mar-2024
;;POJOK;;MALANG;NAGATECH GOLD STORE SOLUTION FULL WEB BASED;;Rp900.000;03-Apr-2024
;;DAMAI POJOK CAB TOKO RUKO;;CIREBON;NAGATECH GOLD STORE SOLUTION FULL WEB BASED + NAGATECH MEMBER SOLUTION;;Rp900.000;01-Apr-2024
;;DAMAI CANTIK CAB PASAR;;CIREBON;NAGATECH GOLD STORE SOLUTION FULL WEB BASED + NAGATECH MEMBER SOLUTION;;Rp900.000;01-Apr-2024
;;DAMAI CAB PASAR 2;;CIREBON;NAGATECH GOLD STORE SOLUTION FULL WEB BASED + NAGATECH MEMBER SOLUTION;;Rp900.000;01-Apr-2024
;;KUPU KUPU;;SUBANG;NAGATECH GOLD STORE SOLUTION FULL WEB BASED;;Rp900.000;28-Apr-2024
;;PALACIO RFID;;SURABAYA;NAGATECH GOLD STOCK CHECKING SOLUTION (RFID);;Rp500.000;30-Apr-2024
;;GALLERY KOHINOOR PAMERAN;;DENPASAR;NAGATECH GOLD STORE SOLUTION FULL WEB BASED;;Rp900.000;12-Apr-2024
;;WAHYU REGANT RG1;;SURABAYA;NAGATECH GOLD STORE SOLUTION FULL WEB BASED;;Rp900.000;25-Apr-2024
;;INDAH GOLD;;MEDAN;NAGATECH GOLD STORE SOLUTION FULL WEB BASED;;Rp900.000;24-Apr-2024
;;KENANGA 2;;TASIKMALAYA;NAGATECH GOLD STORE SOLUTION FULL WEB BASED;;Rp900.000;07-May-2024
;;MACAN SIDOARJO CAB BARU;;SIDOARJO;NAGATECH GOLD STORE SOLUTION FULL WEB BASED + NAGATECH MEMBER SOLUTION;;Rp900.000;15-May-2024
;;PUNOKAWAN PLAYEN;;PLAYEN,DIY;NAGATECH GOLD STORE SOLUTION FULL WEB BASED;;Rp900.000;02-May-2024
;;SEHATI;;AJIBARANG;NAGATECH GOLD STORE SOLUTION FULL WEB BASED;;Rp900.000;03-May-2024
;;KENDI PEKALONGAN 1;;PEKALONGAN;NAGATECH GOLD STORE SOLUTION FULL WEB BASED;;Rp900.000;21-May-2024
;;KENDI PEKALONGAN 2;;PEKALONGAN;NAGATECH GOLD STORE SOLUTION FULL WEB BASED;;Rp900.000;21-May-2024
;;NAGA CAB 1 MAJENANG;;MAJENANG;NAGATECH GOLD STORE SOLUTION FULL WEB BASED;;Rp900.000;28-May-2024
;;PANTES GARUT;;GARUT;NAGATECH GOLD STORE SOLUTION FULL WEB BASED + NAGATECH MEMBER + NAGATECH DIAMOND SOLUTION;;Rp1.100.000;03-May-2024
;;NAGAMAS;;SUBANG;NAGATECH GOLD STORE SOLUTION FULL WEB BASED;;Rp900.000;28-May-2024
;;KIDANG CAB KESESI;;KESESI;NAGATECH GOLD STORE SOLUTION FULL WEB BASED;;Rp900.000;05-Jun-2024
;;KENCANA (KENARI & KENCANA GROUP);;TEGAL;NAGATECH GOLD STORE SOLUTION FULL WEB BASED + NAGATECH MEMBER SOLUTION;;Rp900.000;06-Jun-2024
;;DAMAI JUNIOR 1;;CIREBON;NAGATECH GOLD STORE SOLUTION FULL WEB BASED + NAGATECH MEMBER SOLUTION;;Rp900.000;07-Jun-2024
;;DAMAI JUNIOR 2;;CIREBON;NAGATECH GOLD STORE SOLUTION FULL WEB BASED + NAGATECH MEMBER SOLUTION;;Rp900.000;07-Jun-2024
;;BUNGA TANJUNG 3 (PAMERAN);;SEMARANG;NAGATECH GOLD STORE SOLUTION FULL WEB BASED + NAGATECH MEMBER SOLUTION;;Rp900.000;12-Jun-2024
;;LARIS JEWELLERY;;BANDUNG;NAGATECH GOLD STOCK CHECKING SOLUTION (RFID);;Rp500.000;10-Jun-2024
;;LAVANI;;JAKARTA;NAGATECH GOLD STORE HQ SOLUTION;;Rp1.000.000;21-Jun-2024
;;LAVANI;;JAKARTA;NAGATECH GOLD STORE SOLUTION FULL WEB BASED;;Rp900.000;30-Jun-2024
;;PUTRI BEKASI;;BEKASI;JEWELRY CARE;;Rp500.000;25-Jun-2024
;;RAMA SAKTI CAB PWT;;BANJARNEGARA;EXTERNAL;;Rp500.000;01-Jun-2024
;;WAHYU REDJO PAMERAN (TP);;SURABAYA;NAGATECH GOLD STORE SOLUTION FULL WEB BASED;;Rp900.000;03-Jun-2024
;;WAHYU REDJO PAMERAN (PCM);;SURABAYA;NAGATECH GOLD STORE SOLUTION FULL WEB BASED;;Rp900.000;03-Jun-2024
;;WAHYU REDJO R59;;SURABAYA;NAGATECH GOLD STORE SOLUTION FULL WEB BASED;;Rp900.000;18-Jun-2024
;;WAHYU REDJO R60;;SURABAYA;NAGATECH GOLD STORE SOLUTION FULL WEB BASED;;Rp900.000;18-Jun-2024
;;WAHYU REDJO R61;;SURABAYA;NAGATECH GOLD STORE SOLUTION FULL WEB BASED;;Rp900.000;18-Jun-2024
;;BUNGA TANJUNG 4;;SEMARANG;NAGATECH GOLD STORE SOLUTION FULL WEB BASED + NAGATECH MEMBER SOLUTION;;Rp900.000;25-Jun-2024
;;BULAN PURNAMA TUMPANG;;MALANG;NAGATECH GOLD STORE SOLUTION FULL WEB BASED;;Rp900.000;01-Jul-2024
;;BULAN PURNAMA TUMPANG;;MALANG;NAGATECH GOLD STOCK CHECKING SOLUTION (RFID);;Rp500.000;01-Jul-2024
;;IKAN MAS COMAL;;MALANG;NAGATECH GOLD STORE SOLUTION FULL WEB BASED;;Rp900.000;04-Jul-2024
;;AMG HOLLOW;;MAGELANG;NAGATECH MANUFACTURE STORE SOLUTION;;Rp2.500.000;08-Jul-2024
;;KENCANA 2 (KENARI & KENCANA GROUP);;JATIBARANG;NAGATECH GOLD STORE SOLUTION FULL WEB BASED;;Rp900.000;08-Jul-2024
;;JSR CAB SIMPUR;;LAMPUNG;NAGATECH GOLD STORE SOLUTION FULL WEB BASED + NAGATECH MEMBER SOLUTION;;Rp900.000;28-Jul-2024
;;MERAK BATANG;;BATANG;NAGATECH GOLD STORE SOLUTION FULL WEB BASED;;Rp900.000;16-Jul-2024
;;KENCANA LEBAKSIU;;LEBAKSIU;NAGATECH GOLD STORE SOLUTION FULL WEB BASED + NAGATECH MEMBER SOLUTION;;Rp900.000;05-Aug-2024
;;MULIA SA;;PEKALONGAN;NAGATECH GOLD STORE SOLUTION FULL WEB BASED;;Rp900.000;13-Aug-2024
;;NAGA CAB 2 MAJENANG;;MAJENANG;NAGATECH GOLD STORE SOLUTION FULL WEB BASED;;Rp900.000;08-Aug-2024
;;PANTES BIP;;BIP;NAGATECH GOLD STORE SOLUTION FULL WEB BASED + NAGATECH MEMBER + NAGATECH DIAMOND SOLUTION;;Rp1.100.000;16-Aug-2024
;;PANTES CCM;;CIBINONG;NAGATECH GOLD STORE SOLUTION FULL WEB BASED + NAGATECH MEMBER + NAGATECH DIAMOND SOLUTION;;Rp1.100.000;08-Aug-2024
;;PANTES CIWALK;;CIWALK;NAGATECH GOLD STORE SOLUTION FULL WEB BASED + NAGATECH MEMBER + NAGATECH DIAMOND SOLUTION;;Rp1.100.000;07-Aug-2024
;;SINANJUNG JAYA 3;;JAKARTA;NAGATECH GOLD STORE SOLUTION FULL WEB BASED;;Rp900.000;12-Aug-2024
;;SEMBADA GOLD 1 EXTERNAL ;;PURWOKERTO;EXTERNAL;;Rp500.000;13-Aug-2024
;;SEMBADA GOLD 2 EXTERNAL;;PURWOKERTO;EXTERNAL;;Rp500.000;13-Aug-2024
;;SEMBADA GOLD 3 EXTERNAL;;PURWOKERTO;EXTERNAL;;Rp500.000;13-Aug-2024
;;SEMBADA GOLD 4 EXTERNAL;;PURWOKERTO;EXTERNAL;;Rp500.000;13-Aug-2024
;;TAKDIR;;KIOS PASAR WAGE;NAGATECH GOLD STORE SOLUTION FULL WEB BASED + NAGATECH MEMBER SOLUTION;;Rp900.000;05-Aug-2024
;;AYU CAB 3 (TRINUSA MANDIRI);;SURABAYA;NAGATECH GOLD STORE SOLUTION FULL WEB BASED;;Rp900.000;15-Aug-2024
;;SARI DEWI;;TASIKMALAYA;NAGATECH GOLD STORE SOLUTION FULL WEB BASED + NAGATECH MEMBER SOLUTION;;Rp900.000;20-Aug-2024
;;SINAR ABADI;;BOGOR;NAGATECH GOLD STORE SOLUTION FULL WEB BASED;;Rp900.000;27-Aug-2024
;;SINAR MURNI;;BONDOWOSO;NAGATECH GOLD STORE SOLUTION FULL WEB BASED + NAGATECH MEMBER SOLUTION;;Rp900.000;22-Aug-2024
;;SINAR MURNI RFID;;BONDOWOSO;NAGATECH GOLD STOCK CHECKING SOLUTION (RFID);;Rp500.000;22-Aug-2024
;;MATAHARI SAMMAR;;SAMARINDA;NAGATECH GOLD STORE SOLUTION FULL WEB BASED + NAGATECH MEMBER SOLUTION;;Rp900.000;10-Aug-2024
;;BAGONG MUNTILAN TALUN;;TALUN;NAGATECH GOLD STORE SOLUTION FULL WEB BASED;;Rp900.000;03-Sep-2024
;;BAGONG MUNTILAN TALUN EXTERNAL;;TALUN;EXTERNAL;;Rp500.000;03-Sep-2024
;;JSR CAB TUGU;;LAMPUNG;NAGATECH GOLD STORE SOLUTION FULL WEB BASED + NAGATECH MEMBER SOLUTION;;Rp900.000;07-Sep-2024
;;BUNGA TANJUNG;;SEMARANG;NAGATECH GOLD STORE HQ SOLUTION;;Rp1.000.000;27-Sep-2024
;;HIDUP 1;;TEGAL;TIME KEEPING;;Rp1.000.000;05-Sep-2024
;;HF GOLD PUZZLE;;JAKARTA;NAGATECH GOLD STORE SOLUTION LITE WEB BASED;;Rp800.000;12-Sep-2024
;;HF GOLD PUZZLE LEDGER;;JAKARTA;LEDGER;;Rp500.000;12-Sep-2024
;;HF GOLD PUZZLE EXTERNAL;;JAKARTA;EXTERNAL;;Rp500.000;12-Sep-2024
;;SURYA PRIMA SENJAYA;;JAKARTA;NAGATECH GOLD STORE HQ SOLUTION;;Rp1.000.000;05-Sep-2024
;;ASLI BAGONG;;SEMARANG;NAGATECH GOLD STORE SOLUTION FULL WEB BASED + NAGATECH MEMBER SOLUTION;;Rp900.000;23-Sep-2024
;;ASLI BAGONG RFID;;SEMARANG;NAGATECH GOLD STOCK CHECKING SOLUTION (RFID);;Rp500.000;23-Sep-2024
;;BINTANG KENCANA;;JOMBANG;NAGATECH GOLD STORE SOLUTION FULL WEB BASED;;Rp900.000;29-Sep-2024
;;KENCANA PUTERA;;JOMBANG;NAGATECH GOLD STORE SOLUTION FULL WEB BASED;;Rp900.000;24-Sep-2024
;;KENARI (KENARI & KENCANA GROUP);;TEGAL;NAGATECH GOLD STORE SOLUTION FULL WEB BASED + NAGATECH MEMBER SOLUTION;;Rp900.000;23-Sep-2024
;;BINTANG JAYA;;MEDAN;NAGATECH GOLD STORE HQ SOLUTION;;Rp900.000;18-Sep-2024
;;WAHYU REDJO R62;;SURABAYA;NAGATECH GOLD STORE SOLUTION FULL WEB BASED;;Rp900.000;19-Sep-2024
;;WAHYU REDJO R63;;SURABAYA;NAGATECH GOLD STORE SOLUTION FULL WEB BASED;;Rp900.000;19-Sep-2024
;;KENARI & KENCANA GROUP;;TEGAL;NAGATECH GOLD STORE SOLUTION FULL WEB BASED + NAGATECH MEMBER SOLUTION;;Rp900.000;10-Oct-2024
;;RAJAWALI ;;MADIUN;NAGATECH GOLD STORE SOLUTION FULL WEB BASED;;Rp900.000;10-Oct-2024
;;CANTIK NEW BATAM 2;;BATAM;NAGATECH GOLD STORE SOLUTION FULL WEB BASED + NAGATECH MEMBER SOLUTION;;Rp900.000;21-Oct-2024
;;GOLD & ROSES 1 CIREBON;;CIREBON;NAGATECH GOLD STORE SOLUTION FULL WEB BASED + NAGATECH MEMBER + NAGATECH DIAMOND SOLUTION;;Rp1.100.000;25-Oct-2024
;;GOLD & ROSES 1 PUSAT CIREBON;;CIREBON;NAGATECH GOLD STORE HQ SOLUTION;;Rp1.000.000;25-Oct-2024
;;MACAN SIDOARJO CAB BARU 2;;SIDOARJO;NAGATECH GOLD STORE SOLUTION FULL WEB BASED + NAGATECH MEMBER SOLUTION;;Rp900.000;27-Oct-2024
;;DUBAI;;KIARA CONDONG;NAGATECH GOLD STORE SOLUTION FULL WEB BASED + NAGATECH MEMBER SOLUTION;;Rp900.000;29-Oct-2024
;;WAHYU REDJO;;SURABAYA;TIME KEEPING;;Rp2.500.000;02-Oct-2024
;;BULAN PURNAMA KEPANJEN;;MALANG;NAGATECH GOLD STORE SOLUTION FULL WEB BASED;;Rp900.000;26-Oct-2024
;;BULAN PURNAMA KEPANJEN RFID;;MALANG;NAGATECH GOLD STOCK CHECKING SOLUTION (RFID);;Rp500.000;26-Oct-2024
;;GOLD & ROSES 3 ;;BEKASI;NAGATECH GOLD STORE SOLUTION FULL WEB BASED + NAGATECH MEMBER + NAGATECH DIAMOND SOLUTION;;Rp1.100.000;02-Nov-2024
;;BROTOSENO  3;;BAGOR;NAGATECH GOLD STORE SOLUTION FULL WEB BASED;;Rp900.000;13-Nov-2024
;;RAMA SAKTI KROYA;;KROYA;EXTERNAL;;Rp500.000;14-Nov-2024
;;LARIS JEWELLERY;;BANDUNG;EXTERNAL;;Rp500.000;11-Nov-2024
;;MORO TRISNO;;PURWODADI;NAGATECH GOLD STORE SOLUTION FULL WEB BASED + NAGATECH MEMBER SOLUTION;;Rp900.000;07-Dec-2024
;;MORO TRISNO JAYA;;PURWODADI;NAGATECH GOLD STORE SOLUTION FULL WEB BASED + NAGATECH MEMBER SOLUTION;;Rp900.000;06-Dec-2024
;;RAMA PUSAT;;JATIBARANG;NAGATECH GOLD STORE SOLUTION FULL WEB BASED;;Rp900.000;06-Dec-2024
;;RAMA (TM BALI);;JATIBARANG;NAGATECH GOLD STORE SOLUTION FULL WEB BASED;;Rp900.000;08-Dec-2024
;;RAMA SITANGGAL;;JATIBARANG;NAGATECH GOLD STORE SOLUTION FULL WEB BASED;;Rp900.000;08-Dec-2024
;;RAMA KETANGGUNGAN;;JATIBARANG;NAGATECH GOLD STORE SOLUTION FULL WEB BASED;;Rp900.000;08-Dec-2024
;;RAHAYU;;GARUT;NAGATECH GOLD STORE SOLUTION FULL WEB BASED + NAGATECH MEMBER SOLUTION;;Rp900.000;01-Dec-2024
;;SEMARGO;;PATI;NAGATECH GOLD STORE SOLUTION FULL WEB BASED;;Rp900.000;08-Dec-2024
;;SSG JEWELRY 1;;PASAR WAGE;NAGATECH GOLD STORE SOLUTION FULL WEB BASED + NAGATECH MEMBER SOLUTION;;Rp900.000;06-Dec-2024
;;SSG JEWELRY 1 EXTERNAL;;PASAR WAGE;EXTERNAL;;Rp500.000;06-Dec-2024
;;SSG JEWELRY 2;;RITA MALL;NAGATECH GOLD STORE SOLUTION FULL WEB BASED + NAGATECH MEMBER SOLUTION;;Rp900.000;09-Dec-2024
;;SSG JEWELRY 2 EXTERNAL;;RITA MALL;EXTERNAL;;Rp500.000;09-Dec-2024
;;SSG JEWELRY 3;;KEBON DALAM;NAGATECH GOLD STORE SOLUTION FULL WEB BASED + NAGATECH MEMBER SOLUTION;;Rp900.000;05-Dec-2024
;;SSG JEWELRY 3 EXTERNAL;;KEBON DALAM;EXTERNAL;;Rp500.000;05-Dec-2024
;;SSG JEWELRY 4;;PURBALINGGA;NAGATECH GOLD STORE SOLUTION FULL WEB BASED + NAGATECH MEMBER SOLUTION;;Rp900.000;11-Dec-2024
;;SSG JEWELRY 4 EXTERNAL;;PURBALINGGA;EXTERNAL;;Rp500.000;11-Dec-2024
;;TOSCA ;;PATI;NAGATECH GOLD STORE SOLUTION FULL WEB BASED;;Rp900.000;16-Dec-2024
;;NUR 1;;PEMALANG;NAGATECH GOLD STORE SOLUTION LITE WEB BASED + HUTANG;;Rp800.000;17-Dec-2024
;;NUR 2;;PEMALANG;NAGATECH GOLD STORE SOLUTION LITE WEB BASED + HUTANG;;Rp800.000;19-Dec-2024
;;PUNOKAWAN CAB 5 (ISMY);;YOGYAKARTA;NAGATECH GOLD STORE SOLUTION FULL WEB BASED + NAGATECH MEMBER SOLUTION;;Rp900.000;17-Dec-2024
;;PUNOKAWAN CAB 6 (ISMY);;YOGYAKARTA;NAGATECH GOLD STORE SOLUTION FULL WEB BASED + NAGATECH MEMBER SOLUTION;;Rp900.000;19-Dec-2024
;;PUNOKAWAN CAB 7 (ISMY);;YOGYAKARTA;NAGATECH GOLD STORE SOLUTION FULL WEB BASED + NAGATECH MEMBER SOLUTION;;Rp900.000;21-Dec-2024
;;BINTANG JAYA TOKO ONLINE;;MEDAN;NAGATECH GOLD STORE SOLUTION FULL WEB BASED + NAGATECH MEMBER SOLUTION;;Rp900.000;23-Dec-2024
;;HAO HAO JEWELRY;;JAKARTA;NAGATECH GOLD STORE SOLUTION FULL WEB BASED + NAGATECH DIAMOND SOLUTION;;Rp900.000;24-Dec-2024
;;LARIS JEWELLERY;;BANDUNG;WHATSAPP BLAS;;Rp300.000;31-Dec-2024
;;HIDUP;;TEGAL;TIME KEEPING;;Rp500.000;30-Dec-2024
;;PANTES GRP;;GARUT;NAGATECH GOLD STORE SOLUTION FULL WEB BASED + NAGATECH MEMBER + NAGATECH DIAMOND SOLUTION;;Rp1.100.000;05-Dec-2024
;;SSG ;;;WHATSAPP BLAS;;Rp250.000;03-Jan-2025
;;GAJAH MURAH REZEKI;;JEMBER;EXTERNAL;;Rp500.000;08-Jan-2025
;;CAHAYA PERMATA;;CENGKARENG;NAGATECH GOLD STORE SOLUTION FULL WEB BASED;;Rp900.000;13-Jan-2025
;;ITALY BANDUNG CAB 2;;BANDUNG;NAGATECH GOLD STORE SOLUTION FULL WEB BASED + NAGATECH MEMBER SOLUTION;;Rp900.000;06-Jan-2025
;;ITALY BANDUNG CAB 2;;BANDUNG;NAGATECH GOLD STOCK CHECKING SOLUTION (RFID);;Rp500.000;06-Jan-2025
;;PAGODA;;KUDUS;NAGATECH GOLD STORE SOLUTION FULL WEB BASED;;Rp900.000;06-Jan-2025
;;PAGODA;;KUDUS;EXTERNAL;;Rp500.000;06-Jan-2025
;;JAYA ABADI 3;;KUDUS;NAGATECH GOLD STORE SOLUTION FULL WEB BASED + NAGATECH MEMBER SOLUTION;;Rp900.000;07-Jan-2025
;;JSR CAB NATAR;;BANDAR LAMPUNG;NAGATECH GOLD STORE SOLUTION FULL WEB BASED + NAGATECH MEMBER SOLUTION;;Rp900.000;06-Jan-2025
;;MULIA SA CAB 2;;PEKALONGAN;NAGATECH GOLD STORE SOLUTION FULL WEB BASED;;Rp900.000;14-Jan-2025
;;SUBUR 2 UPGRADE;;NGANJUK;NAGATECH GOLD STORE SOLUTION FULL WEB BASED + NAGATECH MEMBER SOLUTION;;Rp900.000;15-Jan-2025
;;POJOK;;MALANG;EXTERNAL;;Rp450.000;06-Jan-2025
;;WAHYU REDJO R64;;SURABAYA;NAGATECH GOLD STORE SOLUTION FULL WEB BASED;;Rp900.000;28-Jan-2025
;;WAHYU REDJO R65;;SURABAYA;NAGATECH GOLD STORE SOLUTION FULL WEB BASED;;Rp900.000;28-Jan-2025
;;WAHYU REDJO R66;;SURABAYA;NAGATECH GOLD STORE SOLUTION FULL WEB BASED;;Rp900.000;28-Jan-2025
;;WAHYU REDJO R67;;SURABAYA;NAGATECH GOLD STORE SOLUTION FULL WEB BASED;;Rp900.000;28-Jan-2025
;;WAHYU REDJO R68;;SURABAYA;NAGATECH GOLD STORE SOLUTION FULL WEB BASED;;Rp900.000;28-Jan-2025
;;WAHYU REDJO R69;;SURABAYA;NAGATECH GOLD STORE SOLUTION FULL WEB BASED;;Rp900.000;28-Jan-2025
;;WAHYU REDJO R70;;SURABAYA;NAGATECH GOLD STORE SOLUTION FULL WEB BASED;;Rp900.000;28-Jan-2025
;;WAHYU REDJO R71;;SURABAYA;NAGATECH GOLD STORE SOLUTION FULL WEB BASED;;Rp900.000;28-Jan-2025
;;WAHYU REDJO R72;;SURABAYA;NAGATECH GOLD STORE SOLUTION FULL WEB BASED;;Rp900.000;28-Jan-2025
;;GOLD & ROSES PASAR ANYAR;;PASAR ANYAR;NAGATECH GOLD STORE SOLUTION FULL WEB BASED + NAGATECH MEMBER + NAGATECH DIAMOND SOLUTION;;Rp1.100.000;28-Jan-2025
;;PANTES FESTLINK;;BANDUNG;NAGATECH GOLD STORE SOLUTION FULL WEB BASED + NAGATECH MEMBER + NAGATECH DIAMOND SOLUTION;;Rp1.100.000;31-Jan-2025
;;DAMAI PROBOLINGGA;;PROBOLINGGO;EXTERNAL;;Rp500.000;31-Jan-2025
;;AYU CAB 4 (PT AYU SEJATI);;SURABAYA;NAGATECH GOLD STORE SOLUTION FULL WEB BASED;;Rp900.000;08-Feb-2025
;;KIDANG CAB COMAL;;COMAL. PEKALONGAN;NAGATECH GOLD STORE SOLUTION FULL WEB BASED;;Rp900.000;12-Feb-2025
;;MORO TRISNO 3;;PURWODADI;NAGATECH GOLD STORE SOLUTION FULL WEB BASED + NAGATECH MEMBER SOLUTION;;Rp900.000;12-Feb-2025
;;MAHKOTA 1;;AHMAD YANI BANDUNG;NAGATECH GOLD STORE SOLUTION FULL WEB BASED;;Rp900.000;08-Feb-2025
;;MAHKOTA 2;;RANCAEKEK;NAGATECH GOLD STORE SOLUTION FULL WEB BASED;;Rp900.000;16-Feb-2025
;;PANEN MAS (IBU SINCE);;MAKASSAR;NAGATECH GOLD STORE SOLUTION FULL WEB BASED;;Rp900.000;19-Feb-2025
;;PANEN MAS (IBU SINCE);;MAKASSAR;NAGATECH GROCERY STORE SOLUTION;;Rp2.500.000;19-Feb-2025
;;TM 153;;TANGERANG;NAGATECH GOLD STORE SOLUTION FULL WEB BASED + NAGATECH MEMBER SOLUTION;;Rp900.000;10-Feb-2025
;;BRILLIANCE JEWELRY (HAO HAO JEWELRY);;PIK;NAGATECH GOLD STORE SOLUTION FULL WEB BASED + NAGATECH DIAMOND SOLUTION;;Rp1.000.000;18-Feb-2025
;;HIDUP PATI;;SEMARANG;EXTERNAL;;Rp500.000;14-Feb-2025
;;DUA NAGA CAB 2;;JEMBER;NAGATECH GOLD STORE SOLUTION FULL WEB BASED;;Rp900.000;18-Feb-2025
;;RAJAWALI SAKTI;;KEBUMEN;NAGATECH GOLD STORE SOLUTION FULL WEB BASED;;Rp900.000;25-Feb-2025
;;SUBUR 2;;NGANJUK;NAGATECH GOLD STORE SOLUTION FULL WEB BASED + NAGATECH MEMBER SOLUTION;;Rp900.000;21-Feb-2025
;;GAYA BARU;;TASIKMALAYA;VB ONLINE;;Rp500.000;12-Feb-2025
;;GOLD & ROSES 5;;YOGYA PURWAKARTA;NAGATECH GOLD STORE SOLUTION FULL WEB BASED + NAGATECH MEMBER + NAGATECH DIAMOND SOLUTION;;Rp1.100.000;22-Feb-2025
;;GAJAH SAKTI CIWIDEY 3;;CIWIDEY;NAGATECH GOLD STORE SOLUTION FULL WEB BASED + NAGATECH MEMBER SOLUTION;;Rp800.000;26-Feb-2025
;;TOSCA ;;PATI;EXTERNAL;;Rp500.000;26-Feb-2025
;;BAGUS;;CIMAHI;NAGATECH GOLD STORE SOLUTION FULL WEB BASED;;Rp900.000;18-Feb-2025
;;ARJUNO;;GROBOGAN;NAGATECH GOLD STORE SOLUTION FULL WEB BASED + NAGATECH MEMBER SOLUTION;;Rp900.000;12-Mar-2025
;;HANDOYO CAB 1;;GOMBONG;NAGATECH GOLD STORE SOLUTION FULL WEB BASED + NAGATECH MEMBER SOLUTION;;Rp900.000;08-Mar-2025
;;HANDOYO CAB 2;;GOMBONG;NAGATECH GOLD STORE SOLUTION FULL WEB BASED + NAGATECH MEMBER SOLUTION;;Rp900.000;06-Mar-2025
;;KIJANG CIREBON;;CIREBON;NAGATECH GOLD STORE SOLUTION FULL WEB BASED;;Rp900.000;05-Mar-2025
;;PANTES CAB INDRAMAYU;;INDRAMAYU;NAGATECH GOLD STORE SOLUTION FULL WEB BASED + NAGATECH MEMBER + NAGATECH DIAMOND SOLUTION;;Rp1.100.000;03-Mar-2025
;;JAYA ABADI 2;;BANDUNG;NAGATECH GOLD STORE SOLUTION FULL WEB BASED + NAGATECH MEMBER SOLUTION;;Rp900.000;06-Mar-2025
;;GOLD & ROSES CAB CURUG;;TANGERANG;NAGATECH GOLD STORE SOLUTION FULL WEB BASED + NAGATECH MEMBER + NAGATECH DIAMOND SOLUTION;;Rp1.100.000;11-Mar-2025
;;BULAN PURNAMA BATU;;MALANG;EXTERNAL;;Rp500.000;14-Mar-2025
;;BULAN PURNAMA TUMPANG;;MALANG;EXTERNAL;;Rp500.000;13-Mar-2025
;;EKA JAYA;;GARUT;NAGATECH GOLD STORE SOLUTION FULL WEB BASED;;Rp900.000;13-Mar-2025
;;HANDOYO CAB 1;;GOMBONG;WHATSAPP BLAS;;Rp300.000;12-Mar-2025
;;BINTANG JAYA;;LARIS JAYA;NAGATECH GOLD STORE SOLUTION FULL WEB BASED + NAGATECH MEMBER SOLUTION;;Rp800.000;17-Mar-2025
;;WAHYU REDJO MKP (MARKETPLACE);;SURABAYA;NAGATECH GOLD STORE SOLUTION FULL WEB BASED;;Rp900.000;18-Mar-2025
;;BINTANG JAYA MEDAN MALL;;MEDAN;NAGATECH GOLD STORE SOLUTION FULL WEB BASED + NAGATECH MEMBER SOLUTION;;Rp800.000;10-Apr-2025
;;GLOBAL GOLD;;MEDAN;NAGATECH GOLD STORE SOLUTION FULL WEB BASED;;Rp900.000;21-Apr-2025
;;MACAN SIDOARJO;;SIDOARJO;EXTERNAL;;Rp500.000;15-Apr-2025
;;SURYA KENCANA;;CIMINDI;NAGATECH GOLD STORE SOLUTION FULL WEB BASED;;Rp900.000;23-Apr-2025
;;SATRIA;;YOGYAKARTA;NAGATECH GOLD STORE SOLUTION FULL WEB BASED;;Rp900.000;10-Apr-2025
;;SAMIAJI;;BANYUMAS;NAGATECH GOLD STORE SOLUTION FULL WEB BASED + NAGATECH MEMBER SOLUTION;;Rp900.000;17-Apr-2025
;;BAGONG GRESIK;;GRESIK;EXTERNAL;;Rp500.000;23-Apr-2025
;;SEMAR PEMALANG;SUDAH IMPLEMENT TAPI BELUM DIPAKE;PEMALANG;EXTERNAL;;Rp500.000;23-Apr-2025
;;BULAN PURNAMA (BAPAK JEVI);;MALANG;NAGATECH GOLD STOCK CHECKING SOLUTION (RFID);;Rp500.000;24-Apr-2025
;;BULAN PURNAMA (BAPAK JEVI);;MALANG;NAGATECH GOLD STORE SOLUTION FULL WEB BASED;;Rp900.000;24-Apr-2025
;;DEWI NENG;;CIWIDEY;EXTERNAL;;Rp500.000;29-Apr-2025
;;SANJAYA;;DENPASAR;NAGATECH GOLD STORE SOLUTION FULL WEB BASED;;Rp900.000;29-Apr-2025
;;BUKIT MAS CAB 1;;SURABAYA;NAGATECH GOLD STORE SOLUTION FULL WEB BASED + NAGATECH MEMBER SOLUTION;;Rp900.000;04-May-2025
;;BUKIT MAS CAB 2;;SURABAYA;NAGATECH GOLD STORE SOLUTION FULL WEB BASED + NAGATECH MEMBER SOLUTION;;Rp900.000;05-May-2025
;;BUKIT MAS CAB 3;;SIDOARJO;NAGATECH GOLD STORE SOLUTION FULL WEB BASED + NAGATECH MEMBER SOLUTION;;Rp900.000;04-May-2025
;;BUKIT MAS CAB 4;;SIDOARJO;NAGATECH GOLD STORE SOLUTION FULL WEB BASED + NAGATECH MEMBER SOLUTION;;Rp900.000;06-May-2025
;;BUKIT MAS CAB 5;;;NAGATECH GOLD STORE SOLUTION FULL WEB BASED + NAGATECH MEMBER SOLUTION;;Rp900.000;05-May-2025
;;BUKIT MAS CAB 6;;SIDOARJO;NAGATECH GOLD STORE SOLUTION FULL WEB BASED + NAGATECH MEMBER SOLUTION;;Rp900.000;06-May-2025
;;BUKIT MAS CAB 7;;GRESIK;NAGATECH GOLD STORE SOLUTION FULL WEB BASED + NAGATECH MEMBER SOLUTION;;Rp900.000;07-May-2025
;;BUKIT MAS CAB 8;;SIDOARJO;NAGATECH GOLD STORE SOLUTION FULL WEB BASED + NAGATECH MEMBER SOLUTION;;Rp900.000;06-May-2025
;;BUKIT MAS CAB 9;;;NAGATECH GOLD STORE SOLUTION FULL WEB BASED + NAGATECH MEMBER SOLUTION;;Rp900.000;05-May-2025
;;BUKIT MAS CAB 10;;;NAGATECH GOLD STORE SOLUTION FULL WEB BASED + NAGATECH MEMBER SOLUTION;;Rp900.000;07-May-2025
;;BUKIT MAS CAB 11;;SIDOARJO;NAGATECH GOLD STORE SOLUTION FULL WEB BASED + NAGATECH MEMBER SOLUTION;;Rp900.000;06-May-2025
;;BUKIT MAS CAB 12;;SURABAYA;NAGATECH GOLD STORE SOLUTION FULL WEB BASED + NAGATECH MEMBER SOLUTION;;Rp900.000;03-May-2025
;;BUKIT MAS CAB 13;;SIDOARJO;NAGATECH GOLD STORE SOLUTION FULL WEB BASED + NAGATECH MEMBER SOLUTION;;Rp900.000;05-May-2025
;;BUKIT MAS CAB 14;;MOJOKERTO;NAGATECH GOLD STORE SOLUTION FULL WEB BASED + NAGATECH MEMBER SOLUTION;;Rp900.000;07-May-2025
;;BUKIT MAS CAB 1;;SURABAYA;NAGATECH GOLD STORE HQ SOLUTION;;Rp900.000;03-May-2025
;;ISMY/PUNOKAWAN INDONESIA;;YOGYAKARTA;NAGATECH GOLD STORE SOLUTION FULL WEB BASED + NAGATECH MEMBER SOLUTION;;Rp900.000;14-May-2025
;;JSR CAB TUGU;;BANDAR LAMPUNG;WHATSAPP BLAS;;Rp300.000;05-May-2025
;;MURNI BANYUWANGI;;BANYUWANGI;NAGATECH GOLD STORE SOLUTION FULL WEB BASED;;Rp900.000;05-May-2025
;;NAGA MAS;;KEDUNGWUNI;NAGATECH GOLD STORE SOLUTION FULL WEB BASED;;Rp900.000;07-May-2025
;;SUMBER URIP (GAJAH MADA);;TUBAN ;NAGATECH GOLD STORE HQ SOLUTION;;Rp1.000.000;13-May-2025
;;SUMBER URIP (PASAR);;LAMONGAN;NAGATECH GOLD STORE SOLUTION FULL WEB BASED;;Rp900.000;13-May-2025
;;SUMBER URIO NGAGLIK;;NGAGLIK;NAGATECH GOLD STORE SOLUTION FULL WEB BASED;;Rp900.000;13-May-2025
;;WAHYU REDJO;;SURABAYA;NAGATECH JEWELERY CARE AND STOCK MANAGEMENT SOLUTION;;Rp1.500.000;08-May-2025
;;SEMAR CIMAHI;;CIMAHI;NAGATECH GOLD STORE HQ SOLUTION;;Rp1.000.000;15-May-2025
;;NY OERIP 2;;TUBAN ;NAGATECH GOLD STORE SOLUTION FULL WEB BASED;;Rp900.000;15-May-2025
;;REJEKI JAYA;;JAKARTA;NAGATECH GROCERY STORE SOLUTION;;Rp2.500.000;25-May-2025
;;NUR PEMALANG;;PEMALANG;WHATSAPP BLAS;;Rp300.000;20-May-2025
;;NOW;;BALI;NAGATECH GOLD STORE SOLUTION LITE WEB BASED;;Rp800.000;23-May-2025
;;NUANSA INDAH;;SAMARINDA;NAGATECH GOLD STORE SOLUTION FULL WEB BASED;;Rp900.000;27-May-2025
;;ROYAL OTISTA;;BANDUNG;NAGATECH GOLD STORE SOLUTION FULL WEB BASED;;Rp900.000;27-May-2025
;;RAMA SAKTI;;;NAGATECH GOLD STORE SOLUTION FULL WEB BASED + NAGATECH MEMBER SOLUTION;;Rp900.000;02-Jun-2025
;;ANEKA BARU 1;;BOGOR;NAGATECH GOLD STORE SOLUTION FULL WEB BASED;;Rp900.000;19-Jun-2025
;;BIMA 1;;PURBALINGGA;NAGATECH GOLD STORE SOLUTION FULL WEB BASED;;Rp900.000;22-Jun-2025
;;BIMA 2;;PURBALINGGA;NAGATECH GOLD STORE SOLUTION FULL WEB BASED;;Rp900.000;22-Jun-2025
;;CANTIK NEW 3;;BATAM;NAGATECH GOLD STORE SOLUTION FULL WEB BASED + NAGATECH MEMBER SOLUTION;;Rp900.000;11-Jun-2025
;;ISMY/PUNOKAWAN INDONESIA CAB TROWONO;;YOGYAKARTA;NAGATECH GOLD STORE SOLUTION FULL WEB BASED + NAGATECH MEMBER SOLUTION;;Rp900.000;11-Jun-2025
;;MUTIARA PETISAH;;MEDAN;NAGATECH GOLD STORE SOLUTION FULL WEB BASED;;Rp900.000;20-Jun-2025
;;POHON KELAPA 1;;SALATIGA;NAGATECH GOLD STORE SOLUTION FULL WEB BASED + NAGATECH MEMBER SOLUTION;;Rp500.000;12-Jun-2025
;;PUTRI BEKASI;;BEKASI;LEDGER;;Rp500.000;17-Jun-2025
;;SATRIA RFID;;YOGYAKARTA;NAGATECH GOLD STOCK CHECKING SOLUTION (RFID);;Rp500.000;10-Jun-2025
;;PALACIO;;SURABAYA;EXTERNAL;;Rp500.000;20-Jun-2025
;;BIMA EXTERNAL;;;EXTERNAL;;Rp500.000;22-Jun-2025
;;BUKIT MAS 1 JEWELRY CARE;;;JEWELRY CARE;;Rp500.000;27-Jun-25
;;BUKIT MAS 2 JEWELRY CARE;;;JEWELRY CARE;;Rp500.000;27-Jun-25
;;BUKIT MAS 3 JEWELRY CARE;;;JEWELRY CARE;;Rp500.000;27-Jun-25
;;BUKIT MAS 4 JEWELRY CARE;;;JEWELRY CARE;;Rp500.000;27-Jun-25
;;BUKIT MAS 5 JEWELRY CARE;;;JEWELRY CARE;;Rp500.000;27-Jun-25
;;BUKIT MAS 6 JEWELRY CARE;;;JEWELRY CARE;;Rp500.000;27-Jun-25
;;BUKIT MAS 7 JEWELRY CARE;;;JEWELRY CARE;;Rp500.000;27-Jun-25
;;BUKIT MAS 8 JEWELRY CARE;;;JEWELRY CARE;;Rp500.000;27-Jun-25
;;BUKIT MAS 9 JEWELRY CARE;;;JEWELRY CARE;;Rp500.000;27-Jun-25
;;BUKIT MAS 10 JEWELRY CARE;;;JEWELRY CARE;;Rp500.000;27-Jun-25
;;BUKIT MAS 11 JEWELRY CARE;;;JEWELRY CARE;;Rp500.000;27-Jun-25
;;BUKIT MAS 12 JEWELRY CARE;;;JEWELRY CARE;;Rp500.000;27-Jun-25
;;BUKIT MAS 13 JEWELRY CARE;;;JEWELRY CARE;;Rp500.000;27-Jun-25
;;BUKIT MAS 14 JEWELRY CARE;;;JEWELRY CARE;;Rp500.000;27-Jun-25
;;MERPATI;;SUKABUMI;NAGATECH GOLD STORE SOLUTION FULL WEB BASED;;Rp900.000;02-Jul-2025
;;BENUA JAYA PAMANUKAN 2;LAGI INPUT DATA;JAKARTA;NAGATECH GOLD STORE SOLUTION FULL WEB BASED;;Rp900.000;08-Jul-2025
;;MONGGO MAS;;KENDAL;NAGATECH GOLD STORE SOLUTION FULL WEB BASED + NAGATECH MEMBER SOLUTION;;Rp900.000;08-Jul-2025
;;MONGGO MAS JEWELRY CARE;;KENDAL;JEWELRY CARE;;Rp500.000;08-Jul-2025
;;SUMBER REJEKI;;BANYUWANGI;NAGATECH GOLD STORE SOLUTION FULL WEB BASED;;Rp900.000;09-Jul-2025
;;RAMAYANA;;BALI;NAGATECH GOLD STORE SOLUTION FULL WEB BASED;;Rp900.000;10-Jul-2025
;;45;;YOGYAKARTA;NAGATECH GOLD STORE SOLUTION FULL WEB BASED;;Rp900.000;10-Jul-2025
;;MERAK LIMPUNG;;LIMPUNG;NAGATECH GOLD STORE SOLUTION FULL WEB BASED;;Rp900.000;10-Jul-2025
;;ARJUNA PUTRI;;SITANGGAL;NAGATECH GOLD STORE SOLUTION FULL WEB BASED + NAGATECH MEMBER SOLUTION;;Rp900.000;17-Jul-2025
;;KENCANA SARI;;BALI;NAGATECH GOLD STORE SOLUTION FULL WEB BASED;;Rp900.000;12-Jul-2025
;;MATAHARI SAMARINDA CAB 2;;SAMARINDA;NAGATECH GOLD STORE SOLUTION FULL WEB BASED;;Rp900.000;18-Jul-2025
;;REZA PUTRA CAB 3;;INDRAMAYU;NAGATECH GOLD STORE SOLUTION FULL WEB BASED;;Rp900.000;16-Jul-2025
;;SURYA KENCANA CAB 2;;CIMINDI;NAGATECH GOLD STORE SOLUTION FULL WEB BASED + NAGATECH MEMBER SOLUTION;;Rp900.000;22-Jul-2025
;;SATRIA RFID;;YOGYAKARTA;NAGATECH GOLD STOCK CHECKING SOLUTION (RFID);;Rp500.000;06-Jul-2025
;;SINAR LIONG CAB 2;;JAKARTA;NAGATECH GOLD STORE SOLUTION FULL WEB BASED;;Rp900.000;21-Jul-2025
;;TOKO MAS & PERHIASAN 45 CAB 1;;YOGYAKARTA;NAGATECH GOLD STORE SOLUTION FULL WEB BASED;;Rp900.000;10-Jul-2025
;;TOKO MAS & PERHIASAN 45 CAB 2;;YOGYAKARTA;NAGATECH GOLD STORE SOLUTION FULL WEB BASED;;Rp900.000;10-Jul-2025
;;ANEKA BARU 2 ;;BOGOR;NAGATECH GOLD STORE SOLUTION FULL WEB BASED;;Rp900.000;28-Jul-2025
;;SETIA JAYA;;BOGOR;NAGATECH GOLD STORE SOLUTION FULL WEB BASED;;Rp900.000;30-Jul-2025
;;BERKAH C;;BANDUNG;NAGATECH GOLD STORE SOLUTION FULL WEB BASED + NAGATECH MEMBER SOLUTION;;Rp900.000;25-Jul-2025
;;BERKAH C JEWELRY CARE;;BANDUNG;JEWELRY CARE;;Rp500.000;25-Jul-2025
;;BINTANG JAYA MEDAN 1;;GUNUNG MAS MEDAN;NAGATECH GOLD STORE SOLUTION FULL WEB BASED + NAGATECH MEMBER SOLUTION;;Rp800.000;23-Jul-2025
;;SAFARI;;PONTIANAK;NAGATECH GOLD STORE SOLUTION FULL WEB BASED;;Rp900.000;31-Jul-2025
;;ANDHIKA / ANUGRAH JEWELRY;;;NAGATECH GOLD STORE SOLUTION FULL WEB BASED;;Rp900.000;10-Aug-2025
;;ARDJUNA CILACAP;;SIDAREJA;NAGATECH GOLD STORE SOLUTION FULL WEB BASED;;Rp900.000;07-Aug-2025
;;GADJAH SOLO;;;NAGATECH GOLD STORE SOLUTION FULL WEB BASED;;Rp900.000;06-Aug-2025
;;GADJAH SOLO RFID;;;NAGATECH GOLD STOCK CHECKING SOLUTION (RFID);;Rp500.000;06-Aug-2025
;;INDAH JAYA GOLD;;;NAGATECH GOLD STORE SOLUTION FULL WEB BASED;;Rp900.000;05-Aug-2025
;;INDAH JAYA GOLD CAB 2;;;NAGATECH GOLD STORE SOLUTION FULL WEB BASED;;Rp900.000;07-Aug-2025
;;KUPU KUPU;;;NAGATECH GOLD STORE SOLUTION FULL WEB BASED;;Rp900.000;12-Aug-2025
;;NEW ANDHIKA;;;NAGATECH GOLD STORE SOLUTION FULL WEB BASED;;Rp900.000;11-Aug-2025
;;PURNAMA MAS;;;NAGATECH GOLD STORE SOLUTION FULL WEB BASED;;Rp900.000;12-Aug-2025
;;SEMBADA JENSUD;;;WHATSAPP BLAS;;Rp300.000;12-Aug-2025
;;SEMBADA PS WAGE;;;WHATSAPP BLAS;;Rp300.000;12-Aug-2025
;;SEMBADA KATAMSO;;;WHATSAPP BLAS;;Rp300.000;13-Aug-2025
;;SEMBADA RITA MALL;;;WHATSAPP BLAS;;Rp300.000;13-Aug-2025
;;ARJUNA JATIBARANG;;;NAGATECH GOLD STORE SOLUTION FULL WEB BASED + NAGATECH MEMBER SOLUTION;;Rp900.000;23-Aug-2025
;;ALANA CAB 2 CAB BOTANIA ;;BATAM;NAGATECH GOLD STORE SOLUTION FULL WEB BASED + NAGATECH MEMBER SOLUTION;;Rp900.000;25-Aug-2025
;;JAKARTA;;BEKASI;NAGATECH GOLD STORE SOLUTION FULL WEB BASED;;Rp900.000;27-Aug-2025
;;MEGA INDAH;;BEKASI;NAGATECH GOLD STORE SOLUTION FULL WEB BASED;;Rp900.000;21-Aug-2025
;;FARADIBA;;GOWA;NAGATECH GOLD STORE SOLUTION FULL WEB BASED;;Rp900.000;25-Aug-2025
;;ARJUNA (ARJUNA PUTRI 2);;JATIBARANG;NAGATECH GOLD STORE SOLUTION FULL WEB BASED + NAGATECH MEMBER SOLUTION;;Rp900.000;04-Sep-2025
;;REZA PUTRA CAB 1 PUSAT;;INDRAMAYU;NAGATECH GOLD STORE SOLUTION FULL WEB BASED;;Rp900.000;02-Sep-2025
;;SINAR MT PUTRA A 1;;CIKAJANG;NAGATECH GOLD STORE SOLUTION FULL WEB BASED + NAGATECH MEMBER SOLUTION;;Rp900.000;01-Sep-2025
;;SINAR MT PUTRA A 2;;CIKAJANG;NAGATECH GOLD STORE SOLUTION FULL WEB BASED;;Rp900.000;03-Sep-2025
;;MASJID;;PEMALANG;NAGATECH GOLD STORE SOLUTION FULL WEB BASED;;Rp900.000;08-Sep-2025
;;RIZAL;;BOJONEGORO;NAGATECH GOLD STORE SOLUTION FULL WEB BASED;;Rp900.000;09-Sep-2025
;;GLAMOUR;;LOMBOK;NAGATECH GOLD STORE SOLUTION FULL WEB BASED + NAGATECH MEMBER SOLUTION;;Rp900.000;17-Sep-2025
;;SINAR ABADI 2;;BOGOR;NAGATECH GOLD STORE SOLUTION FULL WEB BASED;;Rp900.000;23-Sep-2025
;;GALLERY KOHINOOR PUSAT;;BALI;NAGATECH GOLD STORE HQ SOLUTION;;Rp1.000.000;23-Sep-2025
;;GALLERY KOHINOOR NEW;;BALI;NAGATECH GOLD STORE SOLUTION FULL WEB BASED + VIRTUAL MEMBER;;Rp900.000;25-Sep-2025
;;SINAR ABADI 3;;BOGOR;NAGATECH GOLD STORE SOLUTION FULL WEB BASED;;Rp900.000;25-Sep-2025
;;BIMA 3;;BATANG;NAGATECH GOLD STORE SOLUTION FULL WEB BASED;;Rp900.000;30-Sep-2025
;;SARI DEWI RFID;;TASIKMALAYA;NAGATECH GOLD STOCK CHECKING SOLUTION (RFID);;Rp450.000;07-Oct-2025
;;JANOKO (ARJUNA GROUP);;JATIBARANG;NAGATECH GOLD STORE SOLUTION FULL WEB BASED;;Rp900.000;13-Oct-2025
;;NOOR FINE;;BALI;LEDGER;;Rp500.000;02-Oct-2025
;;INDAH JAYA 3;;SUKABUMI;NAGATECH GOLD STORE SOLUTION FULL WEB BASED + NAGATECH MEMBER SOLUTION;;Rp900.000;14-Oct-2025
;;INDAH JAYA 3 JEWELRY CARE;;SUKABUMI;JEWELRY CARE;;Rp500.000;14-Oct-2025
;;RAMAYANA CAB 2;;BALI;NAGATECH GOLD STORE SOLUTION FULL WEB BASED;;Rp900.000;18-Oct-2025
;;RATU;;CIWIDEY;NAGATECH GOLD STORE SOLUTION FULL WEB BASED;;Rp900.000;23-Oct-2025
;;GUNAWAN AMAL;;SAMARINDA;NAGATECH GOLD STORE SOLUTION FULL WEB BASED;;Rp900.000;20-Oct-2025
;;ALANA CAB 3;;BATAM;NAGATECH GOLD STORE SOLUTION FULL WEB BASED;;Rp900.000;20-Oct-2025
;;PANTES UBR;;UJUNG BERUNG;NAGATECH GOLD STORE SOLUTION FULL WEB BASED + NAGATECH MEMBER + NAGATECH DIAMOND SOLUTION;;Rp1.100.000;03-Oct-2025
;;WAHYU REDJO 24K;;SURABAYA;NAGATECH GOLD STORE SOLUTION FULL WEB BASED;;Rp900.000;08-Oct-2025
;;BINTANG ABADI;;TRENGGALEK;NAGATECH GOLD STORE SOLUTION FULL WEB BASED;;Rp900.000;30-Oct-2025
;;POJOK RFID;;MALANG;NAGATECH GOLD STOCK CHECKING SOLUTION (RFID);;Rp500.000;28-Oct-2025
;;MERAK WIRADESA;;WIRDADESA;NAGATECH GOLD STORE SOLUTION FULL WEB BASED;;Rp900.000;30-Oct-2025
;;BUNGA TANJUNG 1 EXTERNAL;;SEMARANG;EXTERNAL;;Rp500.000;16-Oct-2025
;;BUNGA TANJUNG 2 EXTERNAL;;SEMAARANG;EXTERNAL;;Rp500.000;16-Oct-2025
;;JASMINE AURUME;;TANGERANG;NAGATECH GOLD STORE SOLUTION LITE WEB BASED;;Rp800.000;31-Oct-2025
;;ANUGERAH PUTERA;;PEKALONGAN;NAGATECH GOLD STORE SOLUTION FULL WEB BASED;;Rp900.000;06-Nov-2025
;;GALLERY KOHINOOR TU;;BALI;NAGATECH GOLD STORE SOLUTION FULL WEB BASED + VIRTUAL MEMBER;;Rp900.000;06-Nov-2025
;;INDAH JAYA GOLD 3;;NGANJUK;NAGATECH GOLD STORE SOLUTION FULL WEB BASED;;Rp900.000;04-Nov-2025
;;MASSA SIDIKALANG;;SUMATERA UTARA;NAGATECH GOLD STORE SOLUTION FULL WEB BASED;;Rp900.000;04-Nov-2025
;;OBOR BARU PURWODADI;;PURWODADI;NAGATECH GOLD STORE SOLUTION FULL WEB BASED;;Rp900.000;05-Nov-2025
;;REZEKI JAYA GROSIR;;JAKARTA;NAGATECH GROCERY STORE SOLUTION;;Rp2.500.000;05-Nov-2025
;;SUVARNA PRAWERTI;;BALI;NAGATECH GOLD STORE SOLUTION FULL WEB BASED;;Rp900.000;04-Nov-2025
;;CENDANA;;CILACAP;NAGATECH GOLD STORE SOLUTION FULL WEB BASED;;Rp900.000;06-Nov-2025
;;RIZAL;;BOJONEGORO;NAGATECH GOLD STORE SOLUTION FULL WEB BASED;;Rp900.000;09-Nov-2025
;;SUVARNA PRAWERTI RFID;;BALI;NAGATECH GOLD STOCK CHECKING SOLUTION (RFID);;Rp500.000;04-Nov-2025
;;KELAPA MAS;;PEKALONGAN;NAGATECH GOLD STORE SOLUTION FULL WEB BASED + NAGATECH MEMBER SOLUTION;;Rp900.000;04-Nov-2025
;;BINTANG JAYA TASIK;;TASIKMALAYA;NAGATECH GOLD STORE SOLUTION FULL WEB BASED;;Rp900.000;25-Nov-2025
;;CAHAYA BARU 2;;WONOSARI;NAGATECH GOLD STORE SOLUTION FULL WEB BASED;;Rp900.000;25-Nov-2025
;;CAHAYA BARU 3;;WONOSARI;NAGATECH GOLD STORE SOLUTION FULL WEB BASED;;Rp900.000;27-Nov-2025
;;ENAM ASLI;;BANDUNG;NAGATECH GOLD STORE SOLUTION FULL WEB BASED + NAGATECH MEMBER SOLUTION;;Rp900.000;19-Nov-2025
;;KUPU KUPU CAB 2;;BREBES;NAGATECH GOLD STORE SOLUTION FULL WEB BASED;;Rp900.000;27-Nov-2025
;;KUPU KUPU 2 JEWELRY CARE;;BREBES;JEWELRY CARE;;Rp500.000;04-Nov-2025
;;LEO;;KUDUS;NAGATECH GOLD STORE SOLUTION LITE WEB BASED;;Rp800.000;10-Nov-2025
;;MONGGO MAS MADIUN;;MADIUN;NAGATECH GOLD STORE SOLUTION FULL WEB BASED;;Rp900.000;11-Nov-2025
;;MACAN MUNTILAN;;MUNTILAN;NAGATECH GOLD STORE SOLUTION FULL WEB BASED;;Rp900.000;11-Nov-2025
;;PERHIASAN DJEPON;;GROBOGAN;NAGATECH GOLD STORE SOLUTION FULL WEB BASED;;Rp900.000;24-Nov-2025
;;Q-NO2;;BANDUNG;NAGATECH GOLD STORE SOLUTION FULL WEB BASED;;Rp900.000;27-Nov-2025
;;REZA PUTRA CAB 2;;INDRAMAYU;NAGATECH GOLD STORE SOLUTION FULL WEB BASED;;Rp900.000;13-Nov-2025
;;SAMIAJI;;BANYUMAS;NAGATECH GOLD STORE SOLUTION FULL WEB BASED + NAGATECH MEMBER SOLUTION;;Rp900.000;12-Nov-2025